,Name,Biotin,"Calcium, Ca",Carbohydrate,"Copper, Cu","Fatty acids, total monounsaturated","Fatty acids, total polyunsaturated","Fatty acids, total saturated","Fatty acids, total trans","Fat, total","Fiber, total dietary","Folate, total","Iodine, I","Iron, Fe","Magnesium, Mg","Manganese, Mn","Molybdenum, Mo",Niacin,Pantothenic acid,"Phosphorus, P","Potassium, K",Protein,PUFA n-3,PUFA n-6,Riboflavin,"Selenium, Se","Sodium, Na",Thiamin,"Vitamin A, RAE",Vitamin B-12,Vitamin B-6,"Vitamin C, total ascorbic acid",Vitamin D (D2 + D3),Vitamin E (alpha-tocopherol),Vitamin K (phylloquinone),"Zinc, Zn",Energy,Category
0,"Almond butter, creamy",0.05731,263.8,21236.66,0.9746,34690.0,12610.0,4253.0,0.0,53040.0,9718.0,0.04246,0.0,4.108,267.8,2.135,0.0,3.909,0.0,506.9,745.4,20787.34,0.0,12580.0,0.0,0.0007938,0.9963,0.09456,0.0,0.0,0.08375,0.0,0.0,16.67,0.0,3.178,2700.587904,Nut and Seed Products
1,"Almond milk, unsweetened, plain, refrigerated",0.001425,157.5,670.75,0.02688,0.0,0.0,0.0,0.0,1558.0,0.0,0.0,0.0,0.1247,8.249,0.05642,0.0,0.08875,0.0,19.08,49.27,656.25,0.0,0.0,0.08333,0.0,59.22,0.005,0.0,0.0004492,0.0,0.0,0.00159,0.0,0.0,0.07661,80.87671999999999,Beverages
2,"Almond milk, unsweetened, plain, shelf stable",0.001019,172.7,337.11249999999995,0.02126,728.8,276.3,103.8,0.0,1108.9,0.0,0.0,0.0,0.2899,6.785,0.04497,0.0,0.07438,0.0,29.85,30.79,554.6875,0.625,275.6,0.03339,0.0,59.58,0.0,0.0414,0.0003375,0.0,0.0,0.000927,3.323,0.0,0.1718,60.9031408,Beverages
3,"Apple juice, with added vitamin C, from concentrate, shelf stable",0.0,7.099,11363.9625,0.003401,0.0,0.0,0.0,0.0,286.3,0.0,0.003088,0.0,0.04016,4.861,0.0271,0.0,0.01031,0.0,5.987,95.87,85.9375,0.0,0.0,0.0,0.0,4.872,0.0,0.0,0.0,0.01388,51.16,0.0,0.0,0.0,0.002125,202.4064392,Fruits and Fruit Juices
4,"Apples, fuji, with skin, raw",0.0,5.975,15651.1625,0.03279,0.0,0.0,0.0,0.0,162.5,2075.0,0.0,0.0,0.015,4.67,0.03263,0.0,0.09063,0.0,9.78,103.8,148.4375,0.0,0.0,0.0675,0.0,1.013,0.00625,0.0,0.0,0.03544,0.0,0.0,0.0,0.0,0.01676,270.5412056,Fruits and Fruit Juices
5,"Apples, gala, with skin, raw",0.0,6.639,14768.0875,0.03394,0.0,0.0,0.0,0.0,150.0,2109.0,0.0008125,0.0,0.06013,4.947,0.04004,0.0,0.08938,0.0,8.435,105.9,132.8125,0.0,0.0,0.06875,0.0,0.2788,0.01125,0.0,0.0,0.03175,0.0,0.0,0.0,0.0,0.02349,255.0298624,Fruits and Fruit Juices
6,"Apples, granny smith, with skin, raw",0.0,5.483,14142.975,0.03544,0.0,0.0,0.0,0.0,137.5,2514.0,0.0,0.0,0.06963,5.055,0.03934,0.0,0.11,0.0,9.859,115.9,265.625,0.0,0.0,0.075,0.0,0.0,0.01688,0.0,0.0,0.02788,0.0,0.0,0.0,0.0,0.02276,246.3200296,Fruits and Fruit Juices
7,"Apples, honeycrisp, with skin, raw",0.0,3.874,14681.9375,0.0234,0.0,0.0,0.0,0.0,100.0,1721.0,0.0,0.0,0.0,4.151,0.0397,0.0,0.07375,0.0,7.852,98.04,101.5625,0.0,0.0,0.07375,0.0,0.1375,0.00875,0.0,0.0,0.03275,0.0,0.0,0.0,0.0,0.01828,251.182256,Fruits and Fruit Juices
8,"Apples, red delicious, with skin, raw",0.0,4.656,14781.7,0.02429,0.0,0.0,0.0,0.0,212.5,2043.0,0.0,0.0,0.0,4.695,0.02948,0.0,0.09,0.0,9.183,95.31,187.5,0.0,0.0,0.06625,0.0,0.0,0.00875,0.0,0.0,0.02131,0.0,0.0,0.0,0.0,0.01964,258.5264312,Fruits and Fruit Juices
9,"Applesauce, unsweetened, with added vitamin C",0.0,3.821,12261.5625,0.03905,0.0,0.0,0.0,0.0,162.5,0.0,0.0,0.0,0.04475,3.938,0.0368,0.0,0.0,0.0,9.119,107.7,273.4375,0.0,0.0,0.0,0.0,0.5038,0.0,0.0,0.0,0.0,43.69,0.0,0.0,0.0,0.002625,215.90486,Fruits and Fruit Juices
10,"Bananas, overripe, raw",0.0,0.0,20100.0,0.0,0.0,0.0,0.0,0.0,220.0,1700.0,0.025,0.0,0.0,0.0,0.0,0.0,0.57,0.0,0.0,0.0,730.0,0.0,0.0,0.0,0.0,0.0,0.04,0.001,0.0,0.234,9.7,0.0,0.0,0.0002,0.0,357.0,Fruits and Fruit Juices
11,"Bananas, ripe and slightly ripe, raw",0.0,5.0,23000.0,0.101,0.0,0.0,0.0,0.0,290.0,1700.0,0.014,0.0,0.0,28.0,0.258,0.0,0.662,0.0,22.0,326.0,740.0,0.0,0.0,0.0,0.0,0.0,0.056,0.001,0.0,0.209,12.3,0.0,0.0,0.0001,0.16,408.0,Fruits and Fruit Juices
12,"Beans, Dry, Black (0% moisture)",0.0,191.0,0.0,1.12,0.0,0.0,0.0,0.0,1450.0,4200.0,0.0,0.0,5.34,180.0,2.08,0.92,0.0,0.0,522.0,1540.0,24400.0,0.0,0.0,0.0,0.0,0.0,0.0,0.0,0.0,0.0,0.0,0.0,0.0,0.0,3.37,0.0,Legumes and Legume Products
13,"Beans, Dry, Brown (0% moisture)",0.0,158.0,0.0,1.03,0.0,0.0,0.0,0.0,1120.0,4100.0,0.0,0.0,4.7,158.0,1.87,1.15,0.0,0.0,543.0,1580.0,25600.0,0.0,0.0,0.0,0.0,0.0,0.0,0.0,0.0,0.0,0.0,0.0,0.0,0.0,3.71,0.0,Legumes and Legume Products
14,"Beans, Dry, Carioca (0% moisture)",0.0,194.0,0.0,1.04,0.0,0.0,0.0,0.0,1440.0,4500.0,0.0,0.0,5.87,179.0,1.93,0.962,0.0,0.0,535.0,1390.0,25200.0,0.0,0.0,0.0,0.0,0.0,0.0,0.0,0.0,0.0,0.0,0.0,0.0,0.0,3.36,0.0,Legumes and Legume Products
15,"Beans, Dry, Cranberry (0% moisture)",0.0,152.0,0.0,0.757,0.0,0.0,0.0,0.0,1230.0,4300.0,0.0,0.0,5.26,166.0,1.78,0.672,0.0,0.0,487.0,1340.0,24400.0,0.0,0.0,0.0,0.0,0.0,0.0,0.0,0.0,0.0,0.0,0.0,0.0,0.0,3.03,0.0,Legumes and Legume Products
16,"Beans, Dry, Dark Red Kidney (0% moisture)",0.0,98.0,0.0,0.865,0.0,0.0,0.0,0.0,1310.0,4300.0,0.0,0.0,6.58,164.0,1.67,0.5720000000000001,0.0,0.0,612.0,1490.0,25900.0,0.0,0.0,0.0,0.0,0.0,0.0,0.0,0.0,0.0,0.0,0.0,0.0,0.0,3.29,0.0,Legumes and Legume Products
17,"Beans, Dry, Flor de Mayo (0% moisture)",0.0,180.0,0.0,0.864,0.0,0.0,0.0,0.0,860.0,4000.0,0.0,0.0,4.47,182.0,1.7,0.34,0.0,0.0,439.0,1490.0,23300.0,0.0,0.0,0.0,0.0,0.0,0.0,0.0,0.0,0.0,0.0,0.0,0.0,0.0,3.42,0.0,Legumes and Legume Products
18,"Beans, Dry, Great Northern (0% moisture)",0.0,192.0,0.0,1.08,0.0,0.0,0.0,0.0,1240.0,4300.0,0.0,0.0,5.48,176.0,1.9,0.557,0.0,0.0,519.0,1520.0,24700.0,0.0,0.0,0.0,0.0,0.0,0.0,0.0,0.0,0.0,0.0,0.0,0.0,0.0,3.45,0.0,Legumes and Legume Products
19,"Beans, Dry, Light Red Kidney (0% moisture)",0.0,103.0,0.0,0.786,0.0,0.0,0.0,0.0,1030.0,4500.0,0.0,0.0,6.95,158.0,1.52,0.384,0.0,0.0,549.0,1540.0,25000.0,0.0,0.0,0.0,0.0,0.0,0.0,0.0,0.0,0.0,0.0,0.0,0.0,0.0,3.5,0.0,Legumes and Legume Products
20,"Beans, Dry, Light Tan (0% moisture)",0.0,98.0,0.0,0.932,0.0,0.0,0.0,0.0,1280.0,4300.0,0.0,0.0,7.29,178.0,1.69,0.534,0.0,0.0,571.0,1230.0,24600.0,0.0,0.0,0.0,0.0,0.0,0.0,0.0,0.0,0.0,0.0,0.0,0.0,0.0,3.23,0.0,Legumes and Legume Products
21,"Beans, Dry, Medium Red (0% moisture)",0.0,193.0,0.0,1.04,0.0,0.0,0.0,0.0,1040.0,4300.0,0.0,0.0,6.27,178.0,2.05,0.468,0.0,0.0,548.0,1490.0,25500.0,0.0,0.0,0.0,0.0,0.0,0.0,0.0,0.0,0.0,0.0,0.0,0.0,0.0,3.82,0.0,Legumes and Legume Products
22,"Beans, Dry, Navy (0% moisture)",0.0,229.0,0.0,1.14,0.0,0.0,0.0,0.0,1510.0,4300.0,0.0,0.0,5.29,180.0,2.22,0.84,0.0,0.0,523.0,1470.0,24100.0,0.0,0.0,0.0,0.0,0.0,0.0,0.0,0.0,0.0,0.0,0.0,0.0,0.0,3.31,0.0,Legumes and Legume Products
23,"Beans, Dry, Pink (0% moisture)",0.0,137.0,0.0,0.947,0.0,0.0,0.0,0.0,1200.0,4100.0,0.0,0.0,5.46,164.0,1.7,0.607,0.0,0.0,491.0,1490.0,23400.0,0.0,0.0,0.0,0.0,0.0,0.0,0.0,0.0,0.0,0.0,0.0,0.0,0.0,3.26,0.0,Legumes and Legume Products
24,"Beans, Dry, Pinto (0% moisture)",0.0,161.0,0.0,0.978,0.0,0.0,0.0,0.0,1240.0,4100.0,0.0,0.0,5.4,170.0,1.78,0.515,0.0,0.0,507.0,1510.0,23700.0,0.0,0.0,0.0,0.0,0.0,0.0,0.0,0.0,0.0,0.0,0.0,0.0,0.0,3.43,0.0,Legumes and Legume Products
25,"Beans, Dry, Red (0% moisture)",0.0,148.0,0.0,0.959,0.0,0.0,0.0,0.0,1160.0,4000.0,0.0,0.0,5.05,152.0,1.93,0.488,0.0,0.0,380.0,1540.0,21300.0,0.0,0.0,0.0,0.0,0.0,0.0,0.0,0.0,0.0,0.0,0.0,0.0,0.0,2.84,0.0,Legumes and Legume Products
26,"Beans, Dry, Small Red (0% moisture)",0.0,149.0,0.0,0.968,0.0,0.0,0.0,0.0,1280.0,4100.0,0.0,0.0,4.95,167.0,1.76,0.613,0.0,0.0,493.0,1520.0,23500.0,0.0,0.0,0.0,0.0,0.0,0.0,0.0,0.0,0.0,0.0,0.0,0.0,0.0,3.23,0.0,Legumes and Legume Products
27,"Beans, Dry, Small White (0% moisture)",0.0,236.0,0.0,1.05,0.0,0.0,0.0,0.0,1320.0,4300.0,0.0,0.0,4.93,182.0,2.07,0.871,0.0,0.0,533.0,1540.0,24500.0,0.0,0.0,0.0,0.0,0.0,0.0,0.0,0.0,0.0,0.0,0.0,0.0,0.0,3.54,0.0,Legumes and Legume Products
28,"Beans, Dry, Tan (0% moisture)",0.0,178.0,0.0,1.1,0.0,0.0,0.0,0.0,1140.0,4400.0,0.0,0.0,5.85,198.0,2.16,0.804,0.0,0.0,555.0,1620.0,26800.0,0.0,0.0,0.0,0.0,0.0,0.0,0.0,0.0,0.0,0.0,0.0,0.0,0.0,3.5,0.0,Legumes and Legume Products
29,"Beans, black, canned, sodium added, drained and rinsed",0.0,43.31,19813.5,0.3359,0.0,0.0,0.0,0.0,1273.0,0.0,0.0,0.0,1.688,32.54,0.3324,0.0,0.0,0.0,90.95,253.1,6912.5,0.0,0.0,0.0,0.0,217.9,0.0,0.0,0.0,0.0,0.0,0.0,0.0,0.0,0.7399,495.2224240000001,Legumes and Legume Products
30,"Beans, cannellini, canned, sodium added, drained and rinsed",0.0,69.19,18818.5,0.2193,0.0,0.0,0.0,0.0,1169.0,0.0,0.0,0.0,1.405,29.29,0.3686,0.0,0.0,0.0,94.74,202.6,7412.5,0.0,0.0,0.0,0.0,164.0,0.0,0.0,0.0,0.0,0.0,0.0,0.0,0.0,0.5155,483.02188,Legumes and Legume Products
31,"Beans, cannellini, dry",0.0,142.9,59795.5,0.7419,0.0,0.0,0.0,0.0,2199.0,0.0,0.0,0.0,6.673,153.6,1.784,0.0,0.0,0.0,412.3,1424.0,21562.5,0.0,0.0,0.0,0.0,0.0,0.0,0.0,0.0,0.0,0.0,0.0,0.0,0.0,2.72,1444.4130320000002,Legumes and Legume Products
32,"Beans, great northern, canned, sodium added, drained and rinsed",0.0,67.16,19328.75,0.2558,0.0,0.0,0.0,0.0,1266.0,0.0,0.0,0.0,1.382,29.3,0.4628,0.0,0.0,0.0,88.61,213.1,7031.25,0.0,0.0,0.0,0.0,223.1,0.0,0.0,0.0,0.0,0.0,0.0,0.0,0.0,0.6349,488.833456,Legumes and Legume Products
33,"Beans, kidney, dark red, canned, sodium added, sugar added, drained and rinsed",0.0,56.94,21030.0,0.273,0.0,0.0,0.0,0.0,1256.0,0.0,0.0,0.0,1.439,29.31,0.3285,0.0,0.0,0.0,104.1,226.9,7800.0,0.0,0.0,0.0,0.0,172.3,0.0,0.0,0.0,0.0,0.0,0.0,0.0,0.0,0.56,529.794816,Legumes and Legume Products
34,"Beans, kidney, light red, canned, sodium added, sugar added, drained and rinsed",0.0,60.25,21446.75,0.2713,0.0,0.0,0.0,0.0,1299.0,0.0,0.0,0.0,1.305,25.49,0.3453,0.0,0.0,0.0,93.56,209.4,7306.25,0.0,0.0,0.0,0.0,158.5,0.0,0.0,0.0,0.0,0.0,0.0,0.0,0.0,0.526,530.125352,Legumes and Legume Products
35,"Beans, navy, canned, sodium added, drained and rinsed",0.0,63.91,19983.25,0.29,0.0,0.0,0.0,0.0,1398.0,0.0,0.0,0.0,1.599,29.56,0.3771,0.0,0.0,0.0,86.71,183.7,6568.75,0.0,0.0,0.0,0.0,190.1,0.0,0.0,0.0,0.0,0.0,0.0,0.0,0.0,0.6313,497.01736000000005,Legumes and Legume Products
36,"Beans, pinto, canned, sodium added, drained and rinsed",0.0,55.23,19600.25,0.2546,0.0,0.0,0.0,0.0,1266.0,0.0,0.0,0.0,1.284,27.49,0.3168,0.0,0.0,0.0,83.11,209.6,6693.75,0.0,0.0,0.0,0.0,201.6,0.0,0.0,0.0,0.0,0.0,0.0,0.0,0.0,0.6248,487.72888,Legumes and Legume Products
37,"Beans, snap, green, canned, regular pack, drained solids",0.0,36.0,4110.0,0.041,0.0,0.0,0.0,0.0,390.0,0.0,0.0,0.0,0.78,12.7,0.176,0.0,0.0,0.0,23.0,97.0,1040.0,0.0,0.0,0.0,0.0,282.0,0.0,0.0,0.0,0.0,0.0,0.0,0.0,0.0,0.19,86.0,Vegetables and Vegetable Products
38,"Beans, snap, green, raw",0.0,40.05,7412.45,0.09829,0.0,0.0,0.0,0.0,275.0,3011.0,0.0,0.0,0.6516,28.21,0.3324,0.04163,0.7313,0.0,41.15,290.4,1968.75,0.0,0.0,0.0,0.0,0.0,0.06,0.0,0.0,0.121,0.0,0.0,0.0,0.0439,0.3498,167.3591632,Vegetables and Vegetable Products
39,"Beef, chuck, roast, boneless, choice, raw",0.0,4.576,-523.8000000000001,0.05405,7021.0,555.6999999999999,6341.0,668.6,17800.0,0.0,0.0,0.0,2.059,16.99,0.0,0.0,0.0,0.0,151.0,281.1,18400.0,0.0,0.0,0.0,0.0,48.44,0.0,0.0,0.0,0.0,0.0,0.0,0.0,0.0,5.386,969.4528832,Beef Products
40,"Beef, flank, steak, boneless, choice, raw",0.0,3.836,-304.05,0.04471,3589.0,314.3,3551.0,388.6,9399.0,0.0,0.0,0.0,1.834,18.86,0.001688,0.0,0.0,0.0,167.3,331.8,20131.25,0.0,0.0,0.0,0.0,51.3,0.0,0.0,0.0,0.0,0.0,0.0,0.0,0.0,5.563,685.7567632,Beef Products
41,"Beef, ground, 80% lean meat / 20% fat, raw",0.0,6.889,0.0,0.0551,7247.0,485.0,6845.0,700.0,19440.0,0.0,0.0,0.0,1.965,16.41,0.0,0.0,0.0,0.0,144.4,273.3,17531.25,0.0,0.0,0.0,0.0,54.94,0.0,0.0,0.0,0.0,0.0,0.0,0.0,0.0,3.848,1015.08024,Beef Products
42,"Beef, ground, 90% lean meat / 10% fat, raw",0.0,7.135,0.0,0.05616,4477.0,361.0,5051.0,484.0,12850.0,0.0,0.0,0.0,2.128,16.49,0.0,0.0,0.0,0.0,148.0,281.4,18156.25,0.0,0.0,0.0,0.0,61.64,0.0,0.0,0.0,0.0,0.0,0.0,0.0,0.0,4.194,773.4743232000001,Beef Products
43,"Beef, loin, tenderloin roast, separable lean only, boneless, trimmed to 0"" fat, select, cooked, roasted",0.0,13.0,0.0,0.097,2260.0,472.0,2470.0,359.0,5560.0,0.0,0.0,0.0,3.04,13.7,0.008,0.0,5.76,0.0,259.0,352.0,27700.0,25.0,329.0,0.4,0.0254,54.0,0.0,0.0,0.00421,0.67,0.0,0.0,0.0,0.0,3.7,735.0,Beef Products
44,"Beef, loin, top loin steak, boneless, lip-on, separable lean only, trimmed to 1/8"" fat, choice, raw",0.0,15.0,0.0,0.043,2710.0,364.0,2560.0,306.0,5930.0,0.0,0.0,0.0,1.9,11.3,0.002,0.0,6.88,0.36,206.0,282.0,22800.0,20.0,259.0,0.202,0.0213,45.0,0.053,0.0,0.00172,0.575,0.0,0.0,0.25,0.0,3.76,648.0,Beef Products
45,"Beef, ribeye, steak, boneless, choice, raw",0.0,4.173,-306.25,0.04263,7731.0,628.6,7966.0,974.3,20040.0,0.0,0.0,0.0,1.641,16.68,0.0,0.0,0.0,0.0,149.7,288.0,18743.75,0.0,0.0,0.0,0.0,42.54,0.0,0.0,0.0,0.0,0.0,0.0,0.0,0.0,4.063,1063.19624,Beef Products
46,"Beef, round, eye of round roast, boneless, separable lean only, trimmed to 0"" fat, select, raw",0.0,13.0,0.0,0.035,951.0,192.0,953.0,129.0,2230.0,0.0,0.0,0.0,1.37,11.4,0.002,0.0,6.58,0.0,222.0,312.0,23400.0,20.0,113.0,0.185,0.0222,50.0,0.0,0.0,0.00206,0.638,0.0,0.0,0.0,0.0,3.38,512.0,Beef Products
47,"Beef, round, top round roast, boneless, separable lean only, trimmed to 0"" fat, select, raw",0.0,13.0,0.0,0.047,886.0,208.0,924.0,125.0,2140.0,0.0,0.0,0.0,2.34,11.9,0.003,0.0,6.16,0.37,220.0,316.0,23700.0,13.0,136.0,0.25,0.0227,55.0,0.064,0.0,0.00162,0.626,0.0,0.0,0.21,0.0,3.54,514.0,Beef Products
48,"Beef, round, top round, boneless, choice, raw",0.0,4.07,852.0,0.05515,1700.0,238.3,1695.0,228.3,5703.0,0.0,0.0,0.0,1.901,22.08,0.002875,0.0,0.0,0.0,192.3,351.5,21475.0,0.0,0.0,0.0,0.0,45.54,0.0,0.0,0.0,0.0,0.0,0.0,0.0,0.0,3.778,588.41684,Beef Products
49,"Beef, short loin, porterhouse steak, separable lean only, trimmed to 1/8"" fat, select, raw",0.0,19.0,0.0,0.075,1900.0,259.0,2070.0,280.0,4500.0,0.0,0.0,0.0,2.26,10.7,0.003,0.0,5.32,0.0,200.0,266.0,22700.0,18.0,178.0,0.23,0.0214,43.0,0.0,0.0,0.00198,0.751,0.0,0.0,0.0,0.0,3.52,606.0,Beef Products
50,"Beef, short loin, t-bone steak, bone-in, separable lean only, trimmed to 1/8"" fat, choice, cooked, grilled",0.0,19.0,0.0,0.078,4670.0,514.0,4680.0,594.0,10500.0,0.0,0.0,0.0,3.53,20.0,0.003,0.0,6.37,0.0,211.0,283.0,27300.0,36.0,367.0,0.27,0.0297,67.0,0.0,0.0,0.00188,0.753,0.0,0.0,0.0,0.0,4.69,918.0,Beef Products
51,"Beets, raw",0.0,13.82,8787.0,0.1606,0.0,0.0,0.0,0.0,302.5,3119.0,0.0,0.0,0.4281,21.01,0.2571,0.0,0.0,0.0,33.65,341.5,1687.5,0.0,0.0,0.0,0.0,111.6,0.0,0.0,0.0,0.0,0.0,0.0,0.0,0.0,0.3104,186.692172,Vegetables and Vegetable Products
52,"Blackeye pea, canned, sodium added, drained and rinsed",0.0,27.78,19165.9,0.2846,0.0,0.0,0.0,0.0,1296.0,0.0,0.0,0.0,1.084,27.26,0.2224,0.0,0.0,0.0,83.03,138.1,6925.0,0.0,0.0,0.0,0.0,226.7,0.0,0.0,0.0,0.0,0.0,0.0,0.0,0.0,0.655,485.4594784,Legumes and Legume Products
53,"Blackeye pea, dry",0.0,71.4,61836.0,0.9359,0.0,0.0,0.0,0.0,2419.0,0.0,0.0,0.0,5.93,183.9,1.288,0.0,0.0,0.0,427.6,1243.0,21225.0,0.0,0.0,0.0,0.0,3.458,0.0,0.0,0.0,0.0,0.0,0.0,0.0,0.0,3.654,1481.19876,Legumes and Legume Products
54,"Blueberries, raw",0.0003,11.69,14571.775,0.04605,0.0,0.0,0.0,0.0,306.3,0.0,0.0,0.0,0.3398,6.179,0.4228,0.0,0.0,0.0,12.96,85.64,703.125,0.0,0.0,0.0,0.0,0.0,0.0,0.0,0.0,0.0,8.059,0.0,0.0,0.0,0.08534,267.1747592,Fruits and Fruit Juices
55,"Bread, white, commercially prepared",0.0,211.0,49200.0,0.124,717.0,1870.0,821.0,35.0,3450.0,2300.0,0.0,0.0,3.36,26.9,0.632,0.0,4.76,0.548,113.0,117.0,9430.0,202.0,1670.0,0.24,0.0232,477.0,0.507,0.0,0.0,0.092,0.0,0.0,0.0,0.0,0.88,1130.0,Baked Products
56,"Bread, whole-wheat, commercially prepared",0.0,163.0,43100.0,0.226,616.0,1610.0,732.0,22.0,2980.0,6000.0,0.042,0.0,2.56,76.6,2.18,0.0,4.43,0.65,212.0,250.0,12300.0,139.0,1460.0,0.166,0.0258,450.0,0.391,0.0,0.0,0.216,0.0,0.0,2.82,0.0,1.76,1060.0,Baked Products
57,"Broccoli, raw",0.0,46.0,6270.0,0.059,11.0,17.0,39.0,0.0,70.0,2400.0,0.065,0.0,0.69,21.0,0.197,0.0,0.639,0.61,67.0,303.0,2570.0,0.0,0.0,0.114,0.0016,36.0,0.077,0.008,0.0,0.191,91.3,0.0,0.15,0.102,0.42,132.0,Vegetables and Vegetable Products
58,"Brussels sprouts, raw",0.0,38.64,9615.625,0.03843,0.0,0.0,0.0,0.0,565.0,4785.0,0.0,0.0,0.7305,25.0,0.24,0.0,0.0,0.0,78.54,476.8,3984.375,0.0,0.0,0.0,0.0,25.74,0.0,0.0,0.0,0.0,0.0,0.0,0.0,0.0,0.3663,248.88524,Vegetables and Vegetable Products
59,"Buckwheat, whole grain",0.01865,13.64,71130.66,0.4764,0.0,0.0,0.0,0.0,3039.0,4046.000000000001,0.0,0.0,2.444,203.0,1.23,0.05525,5.366,0.0,373.7,414.5,11065.34,0.0,0.0,0.1775,0.0136,0.0,0.5388,0.0,0.0,0.2776,0.0,0.0,0.0,0.0,2.236,1490.06884,Cereal Grains and Pasta
60,"Butter, stick, salted",0.0,21.0,0.0,0.006,16900.0,2520.0,45600.0,0.0,65000.0,0.0,0.005,0.0,0.06,1.6,0.005,0.0,0.0,0.0,22.0,23.0,0.0,371.0,1890.0,0.0,0.0,524.0,0.0,0.758,0.0,0.0,0.0,0.0004,0.0,0.0,0.07,0.0,Dairy and Egg Products
61,"Butter, stick, unsalted",0.0,14.0,0.0,0.001,0.0,0.0,0.0,0.0,81500.0,0.0,0.0,0.0,0.03,1.6,0.0,0.0,0.0,0.0,19.0,19.0,0.0,0.0,0.0,0.0,0.0,10.0,0.0,0.0,0.0,0.0,0.0,0.0,0.0,0.0,0.07,0.0,Dairy and Egg Products
62,"Buttermilk, low fat",0.0,120.1,4811.522,0.00135,198.8,0.0,552.5,0.0,1081.0,0.0,0.0,0.0341599999999999,0.01325,11.03,0.0,0.0,0.1275,0.0,92.19,158.0,3464.978,0.0,22.38,0.1963,0.0,92.49,0.0485,0.0,0.0,0.03931,0.0,0.000543,0.0,0.0,0.4263,179.22164,Dairy and Egg Products
63,"Cabbage, bok choy, raw",0.0,61.93,3514.95,0.02758,0.0,0.0,0.0,0.0,233.8,1259.0,0.0,0.0,0.4388,13.64,0.1962,0.0,0.0,0.0,30.51,227.8,1023.75,0.0,0.0,0.0,0.0,14.27,0.0,0.0,0.0,0.0,0.0,0.0,0.0,0.0,0.2738,84.76365600000001,Vegetables and Vegetable Products
64,"Cabbage, green, raw",0.0,41.84,6383.75,0.0,0.0,0.0,0.0,0.0,227.5,0.0,0.0,0.0,0.06625,13.86,0.2479,0.0069429999999999,0.0,0.0,26.93,207.1,961.25,0.0,0.0,0.0,0.0,16.1,0.0,0.0,0.0,0.1384,40.34,0.0,0.0,0.0594,0.2112,131.49266,Vegetables and Vegetable Products
65,"Cabbage, red, raw",0.0,30.99,6789.900000000001,0.0035,0.0,0.0,0.0,0.0,213.8,0.0,0.0,0.0,0.0,13.3,0.3094,0.006009,0.0,0.0,35.84,269.1,1242.5,0.0,0.0,0.0,0.0,11.72,0.0,0.0,0.0,0.1789,53.88,0.0,0.0,0.0322999999999999,0.245,142.48109920000002,Vegetables and Vegetable Products
66,"Carrots, baby, raw",0.002396,42.23,9078.7,0.04062,0.0,0.0,0.0,0.0,137.5,2694.0,0.04365,0.0,0.088,11.06,0.09288,0.0,0.7413,0.0,29.58,237.3,805.0,0.0,0.0,0.1156,0.0,62.66,0.04381,0.0,0.0,0.1146,0.0,0.0,0.0,0.0,0.1597,170.5913032,Vegetables and Vegetable Products
67,"Carrots, frozen, unprepared",0.0,33.0,7920.0,0.08,0.0,163.0,0.0,0.0,330.0,3200.0,0.007,0.0,0.43,10.8,0.143,0.0,0.465,0.196,31.0,210.0,810.0,0.0,0.0,0.047,0.0,66.0,0.039,0.0,0.0,0.088,2.2,0.0,0.69,0.015,0.28,153.0,Vegetables and Vegetable Products
68,"Carrots, mature, raw",0.00222,30.48,10267.55,0.06148,0.0,0.0,0.0,0.0,350.6,3095.0,0.03706,0.0,0.1504,12.45,0.1301,0.0,1.406,0.0,39.81,279.6,941.25,0.0,0.0,0.095,0.0,86.65,0.065,0.0,0.0,0.1456,0.0,0.0,0.0,0.0,0.2364,200.7926704,Vegetables and Vegetable Products
69,"Cauliflower, raw",0.0,20.35,4723.075,0.02423,0.0,0.0,0.0,0.0,237.5,1948.0,0.0,0.0,0.3338,14.2,0.141,0.0,0.0,0.0,39.69,274.4,1640.625,0.0,0.0,0.0,0.0,20.0,0.0,0.0,0.0,0.0,0.0,0.0,0.0,0.0,0.2344,115.4461832,Vegetables and Vegetable Products
70,"Celery, raw",0.0,46.28,3316.5125,0.0,0.0,0.0,0.0,0.0,162.5,0.0,0.0,0.0,0.0,10.93,0.076,0.0,0.0,0.0,21.6,265.2,492.1875,0.0,0.0,0.0,0.0,97.21,0.0,0.0,0.0,0.05175,0.0,0.0,0.0,0.0,0.0929,69.8615032,Vegetables and Vegetable Products
71,"Cheese, cotija, solid",0.0,699.6,2724.32,0.0,5931.0,0.0,15890.0,0.0,27240.0,0.0,0.0,0.06475,0.0,29.9,0.01704,0.0,0.0,0.0,485.5,116.7,23835.68,0.0,0.0,0.0,0.0,1625.0,0.0,0.0,0.0,0.0,0.0,0.0,0.0,0.0,3.597,1470.2576,Dairy and Egg Products
72,"Cheese, cottage, lowfat, 2% milkfat",0.0,103.0,4310.0,0.03,469.0,72.0,1260.0,69.0,1870.0,0.0,0.01,0.0,0.13,8.9,0.015,0.0,0.09,0.508,148.0,120.0,11000.0,9.0,49.0,0.234,0.0146,321.0,0.02,0.069,0.00042,0.057,0.0,0.0,0.08,0.0,0.61,352.0,Dairy and Egg Products
73,"Cheese, dry white, queso seco",0.0,661.0,2070.0,0.027,5700.0,1060.0,13700.0,877.0,21400.0,0.0,0.0,0.0,0.18,26.7,0.018,0.0,0.083,0.398,475.0,116.0,24500.0,136.0,705.0,0.23,0.0224,1810.0,0.038,0.226,0.0017,0.091,0.0,0.00183,0.49,0.0016,3.28,1360.0,Dairy and Egg Products
74,"Cheese, feta, whole milk, crumbled",0.0004638,371.1,5583.179999999999,0.03155,4184.0,0.0,11170.0,0.0,19080.0,0.0,0.0,0.04844,0.0675,17.69,0.02003,0.0,0.2644,0.0,327.6,105.3,19707.820000000003,0.0,424.4,0.4444,0.0,1034.0,0.05638,0.0,0.0,0.03831,0.0,0.0,0.0,0.0012,2.353,1141.746656,Dairy and Egg Products
75,"Cheese, monterey jack, solid",0.0,714.6,1897.9,0.0,6679.0,0.0,19160.0,0.0,32630.000000000004,0.0,0.0,0.0359,0.0,29.6,0.01113,0.0,0.0,0.0,470.9,82.94,22617.1,0.0,0.0,0.0,0.0,662.2,0.0,0.0,0.0,0.0,0.0,0.0,0.0,0.0,3.785,1638.99832,Dairy and Egg Products
76,"Cheese, oaxaca, solid",0.0,532.3,2402.02,0.0,4736.0,0.0,12710.0,0.0,22100.0,0.0,0.0,0.04572,0.0,21.58,0.02061,0.0,0.0,0.0,380.4,80.73,22144.98,0.0,0.0,0.0,0.0,734.2,0.0,0.0,0.0,0.0,0.0,0.0,0.0,0.0,3.506,1243.016192,Dairy and Egg Products
77,"Cheese, parmesan, grated",0.0,884.0,12400.0,0.04,6400.0,1200.0,15500.0,896.0,24000.0,0.0,0.006,0.0,0.45,34.9,0.066,0.0,0.078,0.457,634.0,184.0,29600.0,125.0,861.0,0.345,0.035,1750.0,0.027,0.228,0.00135,0.081,0.0,0.0,0.51,0.0017,4.33,1760.0,Dairy and Egg Products
78,"Cheese, parmesan, grated, refrigerated",0.0,950.4,4331.88,0.04233,6016.0,0.0,17170.0,0.0,29500.0,0.0,0.0,0.0829,0.1405,35.37,0.03713,0.0,0.1406,0.0,625.3,73.95,30139.12,0.0,674.1,0.4094,0.0,1046.0,0.03486,0.0,0.0,0.02294,0.0,0.0,0.0,0.0017,4.623,1687.7586560000002,Dairy and Egg Products
79,"Cheese, pasteurized process cheese food or product, American, singles",0.0,1498.0,8189.8,0.0,4886.0,0.0,13700.0,0.0,23860.0,0.0,0.0,0.05253,1.303,34.6,0.06518,0.0,0.0,0.0,880.0,211.8,15567.2,0.0,0.0,0.0,0.0,1420.0,0.0,0.0,0.0,0.0,0.0,0.00442,0.0,0.0,2.379,1296.069312,Dairy and Egg Products
80,"Cheese, pasteurized process, American, vitamin D fortified",0.0,866.0,5270.0,0.046,7300.0,1090.0,18100.0,1150.0,27600.0,0.0,0.0,0.0,0.48,25.1,0.038,0.0,0.095,0.415,540.0,149.0,18000.0,171.0,808.0,0.247,0.0203999999999999,1660.0,0.015,0.3,0.00145,0.056,0.0,0.0075,0.79,0.0032,2.42,1530.0,Dairy and Egg Products
81,"Cheese, provolone, sliced",0.0,748.8,2453.1200000000003,0.0,5738.0,0.0,16239.999999999998,0.0,28130.0,0.0,0.0,0.06427,0.0,29.5,0.02996,0.0,0.0,0.0,494.1,94.84,23452.88,0.0,0.0,0.0,0.0,600.9,0.0,0.0,0.0,0.0,0.0,0.0,0.0,0.0,3.89,1492.826096,Dairy and Egg Products
82,"Cheese, queso fresco, solid",0.0,601.8,2957.2,0.0,4964.0,0.0,13950.0,0.0,23360.0,0.0,0.0,0.07989,0.0,27.64,0.0,0.0,0.0,0.0,389.8,126.4,18884.8,0.0,0.0,0.0,0.0,626.5,0.0,0.0,0.0,0.0,0.0,0.0,0.0,0.0,2.908,1245.191872,Dairy and Egg Products
83,"Cherries, sweet, dark red, raw",0.0,12.26,16163.125,0.06925,0.0,0.0,0.0,0.0,192.5,0.0,0.0,0.0,0.1054,12.11,0.07336,0.0009699999999999,0.0,0.0,23.25,229.6,1039.375,0.0,0.0,0.0,0.0,0.0,0.0,0.0,0.0,0.04888,10.39,0.0,0.0,0.0,0.06446,295.14982000000003,Fruits and Fruit Juices
84,"Chicken, breast, boneless, skinless, raw",0.0,3.939,-368.0,0.003638,368.8,296.3,348.8,8.75,1934.0,0.0,0.0,0.0,0.3543,26.2,0.0,0.0,0.0,0.0,214.9,330.1,22525.0,0.0,0.0,0.0,0.0,65.75,0.0,0.0,0.0,0.0,0.0,0.0,0.0,0.0,0.6545,443.6462560000001,Poultry Products
85,"Chicken, broiler or fryers, breast, skinless, boneless, meat only, cooked, braised",0.0,6.0,0.0,0.044,1260.0,766.0,1010.0,13.0,3050.0,0.0,0.0,0.0,0.49,32.0,0.012,0.0,9.45,1.58,241.0,343.0,32100.0,40.0,598.0,0.187,0.0319,47.0,0.098,0.0,0.0002,0.921,0.0,0.0,0.33,0.0,0.96,695.0,Poultry Products
86,"Chicken, broilers or fryers, drumstick, meat only, cooked, braised",0.0,12.0,0.0,0.063,2350.0,1240.0,1600.0,30.0,5230.0,0.0,0.0,0.0,0.94,22.4,0.018,0.0,5.05,1.1,184.0,239.0,23900.0,57.0,1050.0,0.18,0.0278999999999999,117.0,0.088,0.007,0.00041,0.372,0.0,0.0001,0.17,0.0,2.54,652.0,Poultry Products
87,"Chicken, ground, with additives, raw",0.0,5.819,0.0,0.03619,2173.0,1380.0,1559.0,21.0,7161.0,0.0,0.0,0.0,0.5926,20.51,0.005025,0.0,0.0,0.0,165.5,301.7,17912.5,0.0,0.0,0.0,0.0,62.95,0.0,0.0,0.0,0.0,0.0,0.0,0.0,0.0,1.177,556.6803632,Poultry Products
88,"Chicken, thigh, boneless, skinless, raw",0.0,5.65,-406.0,0.04235,2239.0,1420.0,1658.0,23.75,7916.0,0.0,0.0,0.0,0.6018,21.8,0.0,0.0,0.0,0.0,178.3,271.8,18612.5,0.0,0.0,0.0,0.0,62.33,0.0,0.0,0.0,0.0,0.0,0.0,0.0,0.0,1.348,602.78888,Poultry Products
89,"Chickpeas (garbanzo beans, bengal gram), canned, sodium added, drained and rinsed",0.0,40.48,20320.25,0.2674,0.0,0.0,0.0,0.0,3096.0,0.0,0.0,0.0,1.042,28.41,0.7448,0.0,0.0,0.0,86.48,136.8,7018.75,0.0,0.0,0.0,0.0,201.7,0.0,0.0,0.0,0.0,0.0,0.0,0.0,0.0,0.7243,574.12848,Legumes and Legume Products
90,"Chickpeas, (garbanzo beans, bengal gram), dry",0.0,111.1,60358.0,0.8041,0.0,0.0,0.0,0.0,6274.0,0.0,0.0,0.0,5.094,134.8,3.581,0.0,0.0,0.0,353.1,1074.0,21275.0,0.0,0.0,0.0,0.0,8.779,0.0,0.0,0.0,0.0,0.0,0.0,0.0,0.0,3.124,1602.463632,Legumes and Legume Products
91,"Collards, raw",0.0,276.4,7022.25,0.1112,0.0,0.0,0.0,0.0,770.0,3816.0,0.0,0.0,0.7505,49.51,0.8716,0.0,0.0,0.0,45.01,409.8,2968.75,0.0,0.0,0.0,0.0,18.41,0.0,0.0,0.0,0.0,0.0,0.0,0.0,0.0,0.4594,196.204496,Vegetables and Vegetable Products
92,"Cookies, oatmeal, soft, with raisins",0.0,29.0,69600.0,0.141,4000.0,4890.0,4780.0,40.0,13700.0,3300.0,0.034,0.0,2.28,32.4,0.755,0.0,2.11,0.4,111.0,245.0,5790.0,636.0,4210.0,0.218,0.006,314.0,0.295,0.0,0.0,0.07,0.0,0.0,2.69,0.0171,0.62,1800.0,Baked Products
93,"Cottage cheese, full fat, large or small curd",0.00228,88.27,4599.64,0.0,916.0,0.0,2601.0,0.0,4225.0,0.0,0.0,0.04569,0.0,9.189,0.0,0.0,0.138,0.0,154.0,123.6,11624.36,0.0,97.3,0.0,0.0,349.8,0.0522,0.0,0.0006617,0.0466,0.0,0.0,0.0,0.0002,0.4538,430.62146400000006,Dairy and Egg Products
94,"Cranberry juice, not fortified, from concentrate, shelf stable",0.0,6.641,7263.75,0.01316,0.0,0.0,0.0,0.0,337.5,0.0,0.008968,0.0,0.1257,4.381,0.2111,0.0,0.0095,0.0,3.299,70.58,0.0,0.0,0.0,0.0,0.0,6.341,0.0175,0.0,0.0,0.00925,0.0,0.0,0.0,0.0,0.0412,134.27502,Fruits and Fruit Juices
95,"Cream cheese, full fat, block",0.001738,97.11,4556.15,0.0,6924.0,0.0,19730.0,0.0,33490.0,0.0,0.0,0.03493,0.0,8.914,0.0,0.0,0.0925,0.0,107.7,124.8,5789.85,0.0,708.0,0.0,0.0,367.8,0.03813,0.0,0.0,0.03925,0.0,0.0,0.0,0.0024,0.5891,1434.250096,Dairy and Egg Products
96,"Cream, heavy",0.001438,61.21,3799.506,0.0,7339.0,0.0,20450.0,0.0,35560.0,0.0,0.0,0.0193799999999999,0.0,5.974,0.0,0.0,0.06125,0.0,57.03,96.94,2017.994,0.0,749.1,0.0,0.0,20.61,0.03225,0.0,0.0,0.031,0.0,0.0,0.0,0.0024,0.2231,1436.40904,Dairy and Egg Products
97,"Cream, sour, full fat",0.001913,107.2,5555.506,0.0,3805.0,0.0,10700.0,0.0,17990.0,0.0,0.0,0.03275,0.0,10.11,0.0,0.0,0.1,0.0,102.0,153.8,3070.694,0.0,384.9,0.0,0.0,50.04,0.04275,0.0,6.175e-05,0.0385,0.0,0.0,0.0,0.0012,0.3919,821.7995232000001,Dairy and Egg Products
98,"Crustaceans, crab, blue swimming, lump, pasteurized, refrigerated",0.0,110.9,-218.5,1.088,0.0,0.0,0.0,0.0,807.5,0.0,0.0,0.04448,0.6319,43.08,0.1478,0.0,0.0,0.0,278.5,234.8,18650.0,0.0,0.0,0.0,0.04579,331.3,0.0,0.0,0.003116,0.0,0.0,0.0,0.0,0.0,3.478,338.876804,Finfish and Shellfish Products
99,"Crustaceans, shrimp, farm raised, raw",0.0,64.63,484.95,0.2084,0.0,0.0,0.0,0.0,801.3000000000001,0.0,0.0,0.01364,0.5223,22.53,0.02866,0.0,0.0,0.0,190.6,145.9,15568.75,0.0,0.0,0.0,0.01948,474.9,0.0,0.0,0.0009962999999999,0.0,0.0,0.0,0.0,0.0,0.9368,298.848476,Finfish and Shellfish Products
100,"Cucumber, with peel, raw",0.0009625,16.34,2952.5,0.06299,0.0,0.0,0.0,0.0,177.5,0.0,0.0,0.0,0.0,10.11,0.08488,0.0037229999999999,0.0,0.0,23.23,169.6,625.0,0.0,0.0,0.0,0.0,1.515,0.0,0.0,0.0,0.0,0.0,0.0,0.0,0.024,0.204,66.55698000000001,Vegetables and Vegetable Products
101,"Egg, white, dried",0.0,104.0,6020.0,0.0,0.0,0.0,0.0,0.0,650.0,0.0,0.0,0.034,0.0,87.6,0.0,0.0,0.0,0.0,107.0,959.0,79900.0,0.0,0.0,0.0,0.0,1250.0,0.0,0.0,0.0,0.0,0.0,0.0,0.0,0.0,0.43,1570.0,Dairy and Egg Products
102,"Egg, white, raw, frozen, pasteurized",0.0,9.0,740.0,0.0,0.0,0.0,0.0,0.0,160.0,0.0,0.0,0.0,0.18,10.6,0.0,0.0,0.0,0.0,0.0,130.0,10100.0,0.0,0.0,0.0,0.0,144.0,0.0,0.0,0.0,0.0,0.0,0.0,0.0,0.0,0.02,201.0,Dairy and Egg Products
103,"Egg, whole, dried",0.0,220.0,1870.0,0.0,0.0,0.0,0.0,0.0,39800.0,0.0,0.0,0.274,6.97,44.6,0.0,0.0,0.0,0.0,770.0,468.0,48100.0,0.0,0.0,0.0,0.0,485.0,0.0,0.0,0.0,0.0,0.0,0.0097,0.0,0.0,5.02,2410.0,Dairy and Egg Products
104,"Egg, whole, raw, frozen, pasteurized",0.0,55.0,910.0,0.0,0.0,0.0,0.0,0.0,10300.0,0.0,0.0,0.0616,1.77,11.2,0.0,0.0,0.0,0.0,189.0,117.0,12300.0,0.0,0.0,0.0,0.0,121.0,0.0,0.0,0.0,0.0,0.0,0.0023,0.0,0.0,1.2,627.0,Dairy and Egg Products
105,"Egg, yolk, dried",0.0,270.0,1070.0,0.0,0.0,0.0,0.0,0.0,55500.0,0.0,0.0,0.349,9.28,26.0,0.0,0.0,0.0,0.0,982.0,231.0,34200.0,0.0,0.0,0.0,0.0,149.0,0.0,0.0,0.0,0.0,0.0,0.0157,0.0,0.0,7.11,2740.0,Dairy and Egg Products
106,"Egg, yolk, raw, frozen, pasteurized",0.0,119.0,590.0,0.0,0.0,0.0,0.0,0.0,25100.0,0.0,0.0,0.177,4.13,11.2,0.068,0.0,0.0,0.0,443.0,102.0,15600.0,0.0,0.0,0.0,0.0,66.0,0.0,0.0,0.0,0.0,0.0,0.0058,0.0,0.0,2.93,1240.0,Dairy and Egg Products
107,"Eggplant, raw",0.0,11.06,5399.325,0.06078,0.0,0.0,0.0,0.0,120.0,2448.0,0.0,0.0,0.0,13.54,0.1065,0.0,0.0,0.0,22.75,222.1,851.875,0.0,0.0,0.0,0.0,0.4425,0.0,0.0,0.0,0.0,0.0,0.0,0.0,0.0,0.1189,109.1388032,Vegetables and Vegetable Products
108,"Eggs, Grade A, Large, egg white",0.0,0.0,2360.0,0.0,0.0,0.0,0.0,0.0,0.0,0.0,0.0,0.0,0.0,0.0,0.0,0.0,0.0,0.0,0.0,0.0,10700.0,0.0,0.0,0.391,0.0179,0.0,0.0,0.0,0.0,0.0,0.0,0.0,0.0,0.0,0.0,231.0,Dairy and Egg Products
109,"Eggs, Grade A, Large, egg whole",0.0,48.0,960.0,0.0,3630.0,1820.0,3200.0,0.0,8650.0,0.0,0.071,0.0491,1.67,11.4,0.0,0.0,0.0,0.0,184.0,132.0,12400.0,0.0,1460.0,0.419,0.0311,129.0,0.077,0.18,0.00102,0.063,0.0,0.00246,0.0,0.0,1.24,617.0,Dairy and Egg Products
110,"Eggs, Grade A, Large, egg yolk",0.0458999999999999,0.0,1020.0,0.0,0.0,0.0,0.0,0.0,28800.0,0.0,0.0,0.0,0.0,0.0,0.0,0.0,0.0,0.0,0.0,0.0,16200.0,0.0,0.0,0.467,0.0557999999999999,0.0,0.0,0.0,0.0,0.0,0.0,0.0,5.64,0.0,0.0,1400.0,Dairy and Egg Products
111,"Fish, catfish, farm raised, raw",0.0,7.796,-633.6500000000001,0.0,0.0,0.0,0.0,0.0,7308.0,0.0,0.0,0.0019399999999999,0.0,20.63,0.00165,0.0,0.0,0.0,166.2,292.3,16468.75,0.0,0.0,0.0,0.009281,60.51,0.0,0.0,0.002266,0.0,0.0,0.0,0.0,0.0,0.4749,540.2062816,Finfish and Shellfish Products
112,"Fish, cod, Atlantic, wild caught, raw",0.0,6.59,-1074.25,0.003963,0.0,0.0,0.0,0.0,667.5,0.0,0.0,0.1137,0.065,17.98,0.0,0.0,0.0,0.0,224.1,245.1,16068.750000000002,0.0,0.0,0.0,0.02279,298.8,0.0,0.0,0.001248,0.0,0.0,0.0,0.0,0.0,0.3051,276.08333200000004,Finfish and Shellfish Products
113,"Fish, haddock, raw",0.0,11.0,0.0,0.021,57.0,163.0,93.0,4.0,320.0,0.0,0.0,0.0,0.17,21.1,0.011,0.0,3.36,0.403,227.0,286.0,16300.0,49.0,14.0,0.057,0.0259,213.0,0.02,0.0,0.00183,0.281,0.0,0.0005,0.45,0.0,0.32,308.0,Finfish and Shellfish Products
114,"Fish, pollock, raw",0.0,15.0,0.0,0.031,73.0,182.0,128.0,16.0,400.0,0.0,0.0,0.0,0.22,16.1,0.011,0.0,0.653,0.237,284.0,160.0,12300.0,54.0,4.0,0.08,0.0159,333.0,0.03,0.003,0.00163,0.069,0.0,0.0002,0.49,0.0,0.31,235.0,Finfish and Shellfish Products
115,"Fish, salmon, Atlantic, farm raised, raw",0.0,9.423,-492.75,0.02469,0.0,0.0,0.0,0.0,13110.0,0.0,0.0,0.003242,0.2588,25.39,0.0,0.0,0.0,0.0,230.3,378.2,20318.75,0.0,0.0,0.0,0.0228,49.49,0.0,0.0,0.005696,0.0,0.0,0.0,0.0,0.0,0.3394,825.478096,Finfish and Shellfish Products
116,"Fish, salmon, sockeye, wild caught, raw",0.0,14.84,-910.0,0.0616,0.0,0.0,0.0,0.0,4936.0,0.0,0.0,0.01838,0.4024,26.15,0.0,0.0,0.0,0.0,226.3,329.7,22300.0,0.0,0.0,0.0,0.0302,53.3,0.0,0.0,0.00516,0.0,0.0,0.0,0.0,0.0,0.4246,543.853056,Finfish and Shellfish Products
117,"Fish, tilapia, farm raised, raw",0.0,8.628,-913.0,0.0,0.0,0.0,0.0,0.0,2479.0,0.0,0.0,0.0041449999999999,0.0,24.28,0.005325,0.0,0.0,0.0,159.4,342.4,19000.0,0.0,0.0,0.0,0.02051,93.66,0.0,0.0,0.0007594,0.0,0.0,0.0,0.0,0.0,0.2995,396.053256,Finfish and Shellfish Products
118,"Flaxseed, ground",0.0338,229.9,34355.1,1.344,5944.0,24730.0,3281.0,0.0,37280.0,23130.0,0.04145,0.0,5.778,372.1,2.405,0.0,3.756,0.0,556.4,793.4,18035.9,19420.0,5265.0,0.0,0.1359,36.74,0.5368,0.0,0.0,0.3926,0.0,0.0,0.0,0.003675,4.738,2280.631456,Nut and Seed Products
119,"Flour, 00",0.0,18.68,74446.20000000001,0.1675,0.0,0.0,0.0,0.0,1520.0,2656.0,0.01346,0.0,0.9863,25.8,0.5516,0.0344099999999999,1.364,0.0,106.2,135.5,11400.0,0.0,0.0,0.09125,0.0103,0.0,0.125,0.0,0.0,0.05513,0.0,0.0,0.0,0.0,0.791,1493.9591232,Cereal Grains and Pasta
120,"Flour, almond",0.06909,232.3,16249.25,0.9753,0.0,0.0,0.0,0.0,50230.0,9266.0,0.03783,0.0,3.225,251.1,1.813,0.03613,3.998,0.0,512.1,666.8,26243.75,0.0,0.0,0.7475,0.0007419,0.8944,0.1125,0.0,0.0,0.09988,0.0,0.0,0.0,0.0,2.795,2602.623728,Nut and Seed Products
121,"Flour, amaranth",0.02536,135.2,68778.7,0.5179,0.0,0.0,0.0,0.0,6236.0,7209.0,0.0,0.0,7.56,232.7,2.305,0.03509,0.7475,0.0,424.9,395.8,13209.3,0.0,0.0,0.175,0.0211,0.0,0.05875,0.0,0.0,0.3873,0.0,0.0,0.0,0.0,3.001,1606.9739840000002,Cereal Grains and Pasta
122,"Flour, barley",0.008614,35.56,77398.31999999999,0.3936,0.0,0.0,0.0,0.0,2450.0,12790.0,0.0,0.0,3.301,88.04,1.181,0.05736,5.941,0.0,234.4,366.6,8721.679999999998,0.0,0.0,0.1463,0.0131,20.33,0.225,0.0,0.0,0.1995,0.0,0.0,0.0,0.0,2.144,1533.56152,Cereal Grains and Pasta
123,"Flour, bread, white, enriched, unbleached",0.0,19.0,72800.0,0.194,0.0,0.0,0.0,0.0,1650.0,0.0,0.145,0.0,5.55,35.9,0.751,0.0366,6.56,0.0,124.0,127.0,14300.0,0.0,0.0,0.436,0.0332999999999999,3.0,0.953,0.0,0.0,0.079,0.0,0.0,0.0,0.0,1.06,1520.0,Cereal Grains and Pasta
124,"Flour, buckwheat",0.01509,30.55,75018.08,0.5299,0.0,0.0,0.0,0.0,2484.0,10350.0,0.0,0.0,3.84,167.4,1.544,0.04455,3.839,0.0,281.9,378.1,8884.92,0.0,0.0,0.16,0.0157,0.0,0.2413,0.0,0.0,0.1699,0.0,0.0,0.0,0.0,1.755,1497.7381120000002,Cereal Grains and Pasta
125,"Flour, cassava",0.0005188,74.55,87312.97499999999,0.07663,0.0,0.0,0.0,0.0,493.8,4834.0,0.0,0.0,3.988,33.56,0.3954,0.002534,0.6,0.0,39.24,197.6,918.225,0.0,0.0,0.0675,0.0,13.08,0.05125,0.0,0.0,0.04988,0.0,0.0,0.0,0.0,0.4099,1495.2318960000002,Vegetables and Vegetable Products
126,"Flour, chestnut",0.0,55.81,80450.25,0.581,1256.0,1515.0,689.0,0.0,4636.0,8711.0,0.0,0.0,1.621,68.75,2.901,0.0,0.0,0.0,134.2,1032.0,5286.75,0.0,0.0,0.0,0.0,0.0,0.0,0.0,0.0,0.0,4.05,0.0,0.0,0.0,1.038,1609.4676480000005,Nut and Seed Products
127,"Flour, coconut",0.0,35.98,58902.5,2.081,806.0,111.0,13999.0,0.0,15280.0,34240.0,0.0,0.0,8.018,247.7,5.293,0.0,0.0,0.0,507.2,2088.0,16138.5,0.0,0.0,0.0,0.02676,46.94,0.0,0.0,0.0,0.0,0.0,0.0,0.0,0.0,3.698,1831.269856,Nut and Seed Products
128,"Flour, corn, yellow, fine meal, enriched",0.0,0.0,80800.0,0.082,0.0,0.0,0.0,0.0,1740.0,4300.0,0.155,0.0,4.44,30.1,0.172,0.0163999999999999,5.75,0.0,92.0,144.0,6200.0,0.0,0.0,0.354,0.0083,0.0,0.662,0.0,0.0,0.13,0.0,0.0,0.0,0.0,0.62,1520.0,Cereal Grains and Pasta
129,"Flour, oat, whole grain",0.0201499999999999,42.81,69917.25,0.4434,0.0,0.0,0.0,0.0,6309.0,10500.0,0.03469,0.0,3.997,125.3,3.257,0.1254,1.945,0.0,371.8,373.1,13168.75,0.0,0.0,0.1613,0.0382,3.619,0.39,0.0,0.0,0.1476,0.0,0.0,0.0,0.0,2.754,1628.0990000000002,Cereal Grains and Pasta
130,"Flour, pastry, unenriched, unbleached",0.0,17.0,77200.0,0.159,0.0,0.0,0.0,0.0,1640.0,0.0,0.0,0.0,0.87,22.4,0.635,0.0591,0.988,0.0,102.0,142.0,8750.0,0.0,0.0,0.0,0.005,1.0,0.146,0.0,0.0,0.065,0.0,0.0,0.0,0.0,0.74,1500.0,Cereal Grains and Pasta
131,"Flour, potato",0.0009762999999999,44.12,79942.2,0.2309,0.0,0.0,0.0,0.0,951.3,5401.0,0.04115,0.0,11.97,73.65,0.6758,0.01886,5.628,0.0,197.3,1269.0,8112.500000000001,0.0,0.0,0.115,0.001425,47.66,0.1981,0.0,0.0,0.582,0.0,0.0,0.0,0.0,0.9002,1509.5056120000002,Vegetables and Vegetable Products
132,"Flour, quinoa",0.02625,37.56,69524.65,0.4819,0.0,0.0,0.0,0.0,6601.0,6295.0,0.0,0.0,4.528,163.8,2.015,0.01755,1.211,0.0,369.3,550.9,11922.35,0.0,0.0,0.3163,0.0040999999999999,6.321,0.345,0.0,0.0,0.2224,0.0,0.0,0.0,0.0,2.77,1611.664248,Cereal Grains and Pasta
133,"Flour, rice, brown",0.0,10.0,75500.0,0.286,0.0,0.0,0.0,0.0,3850.0,0.0,0.0,0.0,1.5,124.0,2.84,0.0562,5.99,0.0,319.0,265.0,7190.0,0.0,0.0,0.008,0.00968,1.0,0.322,0.0,0.0,0.132,0.0,0.0,0.0,0.0,1.91,1582.206,Cereal Grains and Pasta
134,"Flour, rice, glutinous",0.0,10.0,80100.0,0.17,0.0,0.0,0.0,0.0,1160.0,0.0,0.0,0.0,0.34,21.2,0.995,0.0407,1.12,0.0,63.0,80.0,6690.0,0.0,0.0,0.0,0.002,6.0,0.053,0.0,0.0,0.044,0.0,0.0,0.0,0.0,1.34,1500.0,Cereal Grains and Pasta
135,"Flour, rice, white, unenriched",0.0,6.0,79800.0,0.209,0.0,0.0,0.0,0.0,1300.0,500.0,0.016,0.0,0.22,22.9,0.892,0.0455,1.25,0.0,94.0,75.0,6940.0,0.0,0.0,0.0,0.0053,5.0,0.09,0.0,0.0,0.052,0.0,0.0,0.0,0.0,1.19,1500.0,Cereal Grains and Pasta
136,"Flour, rye",0.008975,32.24,77161.8,0.3384,0.0,0.0,0.0,0.0,1908.0,13680.0,0.0,0.0,2.536,95.39,2.129,0.07546,1.163,0.0,280.3,434.0,8395.2,0.0,0.0,0.17,0.0166,0.0,0.2163,0.0,0.0,0.1638,0.0,0.0,0.0,0.0,2.328,1503.7296,Cereal Grains and Pasta
137,"Flour, semolina, coarse and semi-coarse",0.0,17.16,73823.45,0.2273,0.0,0.0,0.0,0.0,1597.0,3216.0,0.1677,0.0,1.547,35.21,0.647,0.0382599999999999,3.632,0.0,129.8,173.8,11731.25,0.0,0.0,0.2467,0.02979,0.0,0.405,0.0,0.0,0.08283,0.0,0.0,0.0,0.0,0.947,1491.9800912,Cereal Grains and Pasta
138,"Flour, semolina, fine",0.0,19.76,71985.75,0.2855,0.0,0.0,0.0,0.0,1838.0,3683.0,0.1636,0.0,2.431,46.28,0.842,0.0479099999999999,5.599,0.0,163.1,207.8,13331.25,0.0,0.0,0.34,0.04407,0.4263,0.695,0.0,0.0,0.1082,0.0,0.0,0.0,0.0,1.24,1497.07704,Cereal Grains and Pasta
139,"Flour, sorghum",0.02423,11.41,77391.23,0.2368,0.0,0.0,0.0,0.0,3586.0,6019.0,0.0,0.0,3.721,116.4,1.078,0.0481599999999999,3.953,0.0,261.9,335.1,8272.769999999999,0.0,0.0,0.15,0.0124,0.0,0.27,0.0,0.0,0.1656,0.0,0.0,0.0,0.0,1.66,1568.70712,Cereal Grains and Pasta
140,"Flour, soy, defatted",0.0,338.0,32900.0,1.51,0.0,0.0,0.0,0.0,3330.0,0.0,0.0,0.0,7.34,313.0,3.81,0.211,3.43,0.0,726.0,2480.0,51100.0,0.0,0.0,0.298,0.0458,2.0,0.542,0.0,0.0,0.618,0.0,0.0,0.0,0.0,4.44,1530.0,Legumes and Legume Products
141,"Flour, soy, full-fat",0.0,258.0,27900.0,1.09,0.0,0.0,0.0,0.0,20700.0,0.0,0.0,0.0,9.51,254.0,3.16,0.314,2.74,0.0,607.0,1860.0,38600.0,0.0,0.0,0.363,0.0143,2.0,0.362,0.0,0.0,0.34,0.0,0.0,0.0,0.0,3.75,1890.0,Legumes and Legume Products
142,"Flour, spelt, whole grain",0.01043,30.04,70723.0,0.5313,0.0,0.0,0.0,0.0,2543.0,9339.0,0.03842,0.0,3.769,123.8,2.943,0.09187,5.466,0.0,361.7,349.8,14475.0,0.0,0.0,0.1431,0.009479,0.0,0.2981,0.0,0.0,0.2355,0.0,0.0,0.0,0.0,3.591,1521.632936,Cereal Grains and Pasta
143,"Flour, wheat, all-purpose, enriched, bleached",0.0,19.0,77300.0,0.155,0.0,0.0,0.0,0.0,1480.0,0.0,0.16,0.0,5.62,26.7,0.758,0.0376,6.74,0.0,108.0,136.0,10900.0,0.0,0.0,0.443,0.0157,2.0,0.939,0.0,0.0,0.066,0.0,0.0,0.0,0.0,0.72,1530.0,Cereal Grains and Pasta
144,"Flour, wheat, all-purpose, enriched, unbleached",0.0,21.0,73200.0,0.172,0.0,0.0,0.0,0.0,1480.0,0.0,0.159,0.0,5.41,33.3,0.875,0.0277,7.07,0.0,115.0,135.0,13100.0,0.0,0.0,0.467,0.0141999999999999,4.0,1.05,0.0,0.0,0.079,0.0,0.0,0.0,0.0,0.9,1500.0,Cereal Grains and Pasta
145,"Flour, wheat, all-purpose, unenriched, unbleached",0.0,22.0,74600.0,0.212,0.0,0.0,0.0,0.0,1700.0,3000.0,0.023,0.0,1.18,36.1,0.819,0.0426,1.59,0.0,134.0,150.0,12000.0,0.0,0.0,0.0,0.0201,2.0,0.298,0.0,0.0,0.085,0.0,0.0,0.0,0.0,1.15,1510.0,Cereal Grains and Pasta
146,"Flour, whole wheat, unenriched",0.0,38.0,71200.0,0.452,0.0,0.0,0.0,0.0,2730.0,10600.0,0.039,0.0,3.86,136.0,3.56,0.0585,5.55,0.0,352.0,376.0,15100.0,0.0,0.0,0.128,0.0236,3.0,0.504,0.0,0.0,0.268,0.0,0.0,0.0,0.0,3.24,1550.0,Cereal Grains and Pasta
147,"Frankfurter, beef, unheated",0.0,15.0,2890.0,0.046,12100.0,954.0,11400.0,1590.0,26000.0,0.0,0.0,0.0,1.14,11.5,0.031,0.0,2.25,0.263,128.0,343.0,11700.0,94.0,625.0,0.154,0.0,872.0,0.033,0.003,0.0009699999999999,0.13,0.0,0.0,0.51,0.0,2.06,1310.0,Sausages and Luncheon Meats
148,"Garlic, raw",0.0,0.0,28200.0,0.0,0.0,0.0,0.0,0.0,380.0,2700.0,0.0,0.0,0.0,0.0,0.0,0.0,0.0,0.0,0.0,0.0,6620.0,0.0,0.0,0.0,0.0098,0.0,0.0,0.0,0.0,0.0,10.0,0.0,0.0,0.0,0.0,597.0,Vegetables and Vegetable Products
149,"Grape juice, purple, with added vitamin C, from concentrate, shelf stable",0.0,9.741,15622.7875,0.01469,0.0,0.0,0.0,0.0,287.5,0.0,0.0006644,0.0,0.04092,7.873,0.1658,0.0,0.01638,0.0,11.95,49.78,257.8125,0.0,0.0,0.0,0.0,4.019,0.02588,0.0,0.0,0.03869,45.61,0.0,0.0,0.0,0.0571,276.6038216,Fruits and Fruit Juices
150,"Grape juice, white, with added vitamin C, from concentrate, shelf stable",0.0,7.318,15843.75,0.004458,0.0,0.0,0.0,0.0,265.0,0.0,0.001731,0.0,0.1191,4.274,0.06128,0.0,0.005875,0.0,12.57,49.01,93.75,0.0,0.0,0.0,0.0,7.188,0.0,0.0,0.0,0.01413,55.25,0.0,0.0,0.0,0.01773,276.70884,Fruits and Fruit Juices
151,"Grapefruit juice, red, not fortified, not from concentrate, refrigerated",0.0,8.879,9102.1875,0.02411,0.0,0.0,0.0,0.0,266.90000000000003,0.0,0.01902,0.0,0.01529,7.748,0.01548,0.0,0.01875,0.0,14.58,128.3,570.3125,0.0,0.0,0.0,0.0,1.031,0.03275,0.0,0.0,0.022,24.14,0.0,0.0,0.0,0.02739,171.9293464,Fruits and Fruit Juices
152,"Grapefruit juice, white, canned or bottled, unsweetened",0.0,16.0,7590.0,0.032,0.0,0.0,0.0,0.0,700.0,200.0,0.012,0.0,0.07,9.6,0.02,0.0,0.253,0.28,17.0,141.0,550.0,0.0,0.0,0.02,0.0,1.0,0.062,0.0,0.0,0.0,39.4,0.0,0.22,0.0,0.04,157.0,Fruits and Fruit Juices
153,"Grapes, green, seedless, raw",0.0001111,9.897,18603.75,0.06091,0.0,0.0,0.0,0.0,232.5,0.0,0.0,0.0,0.1991,7.118,0.08365,0.0,0.0,0.0,21.98,218.1,898.75,0.0,0.0,0.0,0.0,3.171,0.0,0.0,0.0,0.0,3.017,0.0,0.0,0.0,0.02674,335.14886,Fruits and Fruit Juices
154,"Grapes, red, seedless, raw",0.0001222,10.17,20196.825,0.08081,0.0,0.0,0.0,0.0,163.8,0.0,0.0,0.0,0.1615,8.556,0.09758,0.0,0.0,0.0,24.86,229.4,914.375,0.0,0.0,0.0,0.0,6.999,0.0,0.0,0.0,0.0,3.308,0.0,0.0,0.0,0.03603,359.485096,Fruits and Fruit Juices
155,"Ham, sliced, pre-packaged, deli meat (96%fat free, water added)",0.0,5.0,270.0,0.05,1470.0,544.0,1120.0,10.0,3150.0,0.0,0.0,0.0,0.58,18.8,0.0,0.0,0.0,0.0,261.0,425.0,16700.0,18.0,443.0,0.0,0.0,1040.0,0.0,0.0,0.0,0.0,0.0,0.0,0.0,0.0,1.52,443.0,Sausages and Luncheon Meats
156,"Ham, sliced, restaurant",0.0,6.0,2360.0,0.041,1600.0,675.0,1250.0,17.0,3540.0,0.0,0.0,0.0,0.86,20.3,0.015,0.0,0.0,0.0,246.0,484.0,19600.0,23.0,477.0,0.0,0.0,1030.0,0.0,0.0,0.0,0.0,0.0,0.0,0.0,0.0,1.76,507.0,Pork Products
157,"Hummus, commercial",0.0,41.0,14900.0,0.348,6370.0,7480.0,2220.0,18.0,16100.000000000002,5400.0,0.036,0.0,2.41,71.1,1.06,0.0,0.948,0.318,166.0,289.0,7350.0,637.0,6810.0,0.115,0.0162,438.0,0.15,0.001,0.0,0.143,0.0,0.0,1.74,0.0172,1.38,960.0,Legumes and Legume Products
158,"Kale, frozen, cooked, boiled, drained, without salt",0.0,150.0,5300.0,0.067,0.0,0.0,0.0,0.0,1210.0,0.0,0.065,0.0,0.84,25.0,0.542,0.0,0.457,0.17,42.0,144.0,2940.0,0.0,0.0,0.14,0.0,16.0,0.063,0.146,0.0,0.063,17.8,0.0,1.61,0.418,0.27,151.0,Vegetables and Vegetable Products
159,"Kale, raw",0.0,254.0,4420.0,0.053,0.0,0.0,0.0,0.0,1490.0,4100.0,0.062,0.0,1.6,32.7,0.92,0.0,1.18,0.37,55.0,348.0,2920.0,0.0,0.0,0.347,0.0,53.0,0.113,0.241,0.0,0.147,93.4,0.0,0.66,0.39,0.39,148.0,Vegetables and Vegetable Products
160,"Ketchup, restaurant",0.0,14.0,26800.0,0.066,0.0,0.0,0.0,0.0,550.0,0.0,0.0,0.0,0.43,13.5,0.086,0.0,0.0,0.0,25.0,249.0,1110.0,0.0,0.0,0.0,0.0,949.0,0.0,0.0,0.0,0.0,0.0,0.0,0.0,0.0,0.16,488.0,Vegetables and Vegetable Products
161,"Kiwifruit, green, raw",0.0,35.0,14000.0,0.134,0.0,0.0,0.0,0.0,440.0,3000.0,0.026,0.0,0.24,15.7,0.064,0.0,0.37,0.206,34.0,198.0,1060.0,0.0,0.0,0.025,0.0002,5.0,0.027,0.004,0.0,0.061,74.7,0.0,1.3,0.0402999999999999,0.14,241.0,Fruits and Fruit Juices
162,"Lentils, dry",0.0,61.85,62171.25,0.8376,0.0,0.0,0.0,0.0,1925.0,0.0,0.0,0.0,7.158,106.7,1.569,0.0,0.0,0.0,373.6,948.9,23568.75,0.0,0.0,0.0,0.0,0.0,0.0,0.0,0.0,0.0,0.0,0.0,0.0,0.0,3.863,1507.4324400000005,Legumes and Legume Products
163,"Lettuce, cos or romaine, raw",0.0,35.0,3240.0,0.048,0.0,0.0,0.0,0.0,260.0,1800.0,0.05,0.0,0.95,13.7,0.127,0.0,0.323,0.145,30.0,253.0,1240.0,0.0,0.0,0.072,0.0004,0.0,0.079,0.436,0.0,0.078,4.6,0.0,0.14,0.102,0.25,70.0,Vegetables and Vegetable Products
164,"Lettuce, iceberg, raw",0.0,14.24,3368.75,0.03335,0.0,0.0,0.0,0.0,73.75,0.0,0.0,0.0,0.03325,6.311,0.08164,0.0,0.2175,0.0,19.18,139.3,742.5,0.0,0.0,0.0,0.0,16.11,0.05638,0.0,0.0,0.04013,0.0,0.0,0.0,0.0205,0.1728,71.58301,Vegetables and Vegetable Products
165,"Lettuce, leaf, green, raw",0.0,39.84,4066.150000000001,0.03984,0.0,0.0,0.0,0.0,156.29999999999998,0.0,0.0,0.0,0.3195,12.77,0.1559,0.0,0.375,0.0,26.55,277.1,1093.75,0.0,0.0,0.0,0.0,28.88,0.08225,0.0,0.0,0.07088,15.15,0.0,0.0,0.1185,0.3103,92.2417192,Vegetables and Vegetable Products
166,"Lettuce, leaf, red, raw",0.0,42.59,3260.575,0.03773,0.0,0.0,0.0,0.0,106.3,0.0,0.0,0.0,0.4023,12.4,0.177,0.0,0.3288,0.0,24.4,321.4,883.125,0.0,0.0,0.0,0.0,24.89,0.06075,0.0,0.0,0.07413,9.343,0.0,0.0,0.0732,0.3033,73.35179600000001,Vegetables and Vegetable Products
167,"Lettuce, romaine, green, raw",0.0,27.56,4055.575,0.04865,0.0,0.0,0.0,0.0,71.25,0.0,0.0,0.0,0.267,12.05,0.2271,0.0,0.3713,0.0,23.41,260.4,976.875,0.0,0.0,0.0,0.0,23.0,0.06288,0.0,0.0,0.06325,0.0,0.0,0.0,0.0834,0.2516,86.9060732,Vegetables and Vegetable Products
168,"Melons, cantaloupe, raw",0.0,9.0,8160.0,0.085,0.0,0.0,0.0,0.0,180.0,800.0,0.014,0.0,0.38,13.0,0.046,0.0,0.694,0.085,17.0,157.0,820.0,0.0,0.0,0.027,0.0017,30.0,0.049,0.232,0.0,0.04,10.9,0.0,0.0,0.0027,0.44,141.0,Fruits and Fruit Juices
169,"Milk, lowfat, fluid, 1% milkfat, with added vitamin A and vitamin D",0.0,126.0,5180.0,0.001,210.0,32.0,568.0,36.0,850.0,0.0,0.002,0.0362,0.0,12.0,0.0,0.0,0.113,0.368,103.0,159.0,3380.0,4.0,26.0,0.14,0.0021,39.0,0.057,0.058,0.00061,0.06,0.0,0.00106,0.02,0.0,0.43,179.0,Dairy and Egg Products
170,"Milk, nonfat, fluid, with added vitamin A and vitamin D (fat free or skim)",0.0,132.0,4920.0,0.002,17.0,6.0,49.0,0.0,70.0,0.0,0.002,0.0357,0.0,12.5,0.001,0.0,0.118,0.388,107.0,167.0,3430.0,0.0,5.0,0.131,0.002,41.0,0.056,0.064,0.00058,0.058,0.0,0.0011,0.0,0.0,0.45,144.0,Dairy and Egg Products
171,"Millet, whole grain",0.01143,9.105,74446.23,0.4883,0.0,0.0,0.0,0.0,4194.0,2619.0,0.0,0.0,2.534,105.5,0.9239,0.02954,4.86,0.0,257.9,214.1,10021.77,0.0,0.0,0.1363,0.0231,0.0,0.4113,0.0,0.0,0.1918,0.0,0.0,0.0,0.0,2.258,1571.585712,Cereal Grains and Pasta
172,"Mushroom, beech",0.00807,0.4325,6759.299999999999,0.07302,0.0,0.0,0.0,0.0,449.4,3139.0,0.0,0.0,0.7388,10.49,0.156,0.0,6.4,0.0,85.9,375.9,2180.0,0.0,0.0,0.2075,0.00038,0.8913,0.007875,0.0,0.0,0.1054,0.0,0.00037,0.0,0.0,0.4978,166.53073120000002,Vegetables and Vegetable Products
173,"Mushroom, crimini",0.01256,4.105,4014.55,0.3212,0.0,0.0,0.0,0.0,196.7,1781.0,0.0,0.0,0.3115,10.25,0.06095,0.0,4.17,0.0,100.5,380.3,3093.75,0.0,0.0,0.5167,0.01531,4.572,0.004167,0.0,0.0,0.1125,0.0,0.0,0.0,0.0,0.5123,126.371444,Vegetables and Vegetable Products
174,"Mushroom, enoki",0.01248,1.432,8141.425,0.09342,0.0,0.0,0.0,0.0,245.0,2945.0,0.0,0.0,1.275,12.84,0.09013,0.0,6.987,0.0,84.1,402.3,2416.875,0.0,0.0,0.24,0.0,0.4167,0.012,0.0,0.0,0.1188,0.0,0.0,0.0,0.0,0.4815,185.9294288,Vegetables and Vegetable Products
175,"Mushroom, king oyster",0.01083,0.0,8500.65,0.047,0.0,0.0,0.0,0.0,307.5,3009.0,0.0,0.0,0.3381,13.51,0.09125,0.0,6.451,0.0,89.86,294.5,2406.25,0.0,0.0,0.2438,0.001203,0.7713,0.006375,0.0,0.0,0.1188,0.0,7.000000000000001e-05,0.0,0.0,0.6254,194.1170984,Vegetables and Vegetable Products
176,"Mushroom, lion's mane",0.01693,0.0,7589.7,0.1771,0.0,0.0,0.0,0.0,256.29999999999995,4376.0,0.02958,0.0,0.6883,11.72,0.1796,0.0,1.626,0.0,93.95,443.3,2500.0,0.0,0.0,0.3631,0.001773,0.3363,0.1463,0.0,0.0,0.0655,0.0,2.12e-05,0.0,0.0,0.7448,178.51245200000002,Vegetables and Vegetable Products
177,"Mushroom, maitake",0.03257,0.0,6604.375,0.2719,0.0,0.0,0.0,0.0,265.0,3071.0,0.0,0.0,0.2089,11.04,0.0584,0.0,6.763,0.0,72.38,260.0,2203.125,0.0,0.0,0.2694,0.003269,0.345,0.009875,0.0,0.0,0.071,0.0,0.0016,0.0,0.0,0.7629,157.38116000000002,Vegetables and Vegetable Products
178,"Mushroom, oyster",0.007038,0.0,6941.25,0.1064,0.0,0.0,0.0,0.0,187.5,2850.0,0.06314,0.0,0.6981,13.91,0.08554,0.0,5.751,0.0,86.24,281.6,2898.75,0.0,0.0,0.2438,0.001379,1.128,0.07,0.0,0.0,0.09888,0.0,4.06e-05,0.0,0.0,0.6843,171.74274,Vegetables and Vegetable Products
179,"Mushroom, pioppini",0.01531,0.0,5763.7,0.2755,0.0,0.0,0.0,0.0,240.0,2753.0,0.0,0.0,0.486,15.99,0.09791,0.0,6.224,0.0,120.6,392.4,3500.0,0.0,0.0,0.4263,0.004121,0.0,0.01213,0.0,0.0,0.1023,0.0,0.0,0.0,0.0,0.8573,164.0747232,Vegetables and Vegetable Products
180,"Mushroom, portabella",0.01113,3.235,4658.299999999999,0.2033,0.0,0.0,0.0,0.0,311.7,1879.0,0.0,0.0,0.139,9.037,0.04873,0.0,3.898,0.0,87.48,349.3,2750.0,0.0,0.0,0.465,0.01467,5.312,0.005167,0.0,0.0,0.09692,0.0,0.0,0.0,0.0,0.3888,135.722684,Vegetables and Vegetable Products
181,"Mushrooms, shiitake",0.00605,0.7663,8170.624999999999,0.04978,0.0,0.0,0.0,0.0,195.0,4166.0,0.03213,0.0,0.1443,14.06,0.1734,0.0,2.741,0.0,75.82,243.0,2414.375,0.0,0.0,0.2163,0.001244,0.9363,0.00125,0.0,0.0,0.1593,0.0,5.62e-05,0.0,0.0,0.7641,184.49348,Vegetables and Vegetable Products
182,"Mushrooms, white button",0.009067,5.465,4079.375,0.3888,0.0,0.0,0.0,0.0,370.8,1717.0,0.03476,0.0,0.2267,10.16,0.0538,0.0,3.883,0.0,93.05,373.0,2890.625,0.0,0.0,0.4442,0.02005,6.443,0.065,0.0,0.0,0.07683,0.0,2.17e-05,0.0,0.0,0.511,130.6127648,Vegetables and Vegetable Products
183,"Mustard, prepared, yellow",0.0,63.0,5300.0,0.074,2590.0,903.0,252.0,10.0,3760.0,4300.0,0.007,0.0,1.59,47.7,0.42,0.0,0.561,0.263,108.0,150.0,4250.0,444.0,424.0,0.066,0.034,1100.0,0.189,0.004,0.0,0.069,0.4,0.0,0.35,0.0015,0.64,254.0,Spices and Herbs
184,"Nuts, almonds, dry roasted, with salt added",0.0,273.0,16200.0,0.87,34200.0,14500.0,4560.0,32.0,53400.0,11000.0,0.035,0.0,3.17,258.0,2.02,0.0,3.1,0.237,456.0,684.0,20400.0,52.0,14500.0,1.57,0.0,256.0,0.079,0.002,0.0,0.075,0.0,0.0,19.0,0.0,2.8,2590.0,Nut and Seed Products
185,"Nuts, almonds, whole, raw",0.05701,253.6,20034.62,0.9104,31314.0,11180.0,3785.0,0.0,51090.0,10780.0,0.0,0.0,3.741,257.6,2.149,0.04528,3.77,0.0,502.9,732.8,21450.38,0.0,0.0,0.0,0.0,0.0,0.1605,0.0,0.0,0.1008,0.0,0.0,0.0,0.0,2.865,2618.138,Nut and Seed Products
186,"Nuts, brazilnuts, raw",0.0,167.8,21642.16,1.739,0.0,0.0,0.0,0.0,57430.0,5984.0,0.0,0.0,2.474,351.3,1.26,0.0,0.0,0.0,706.9,592.5,15036.84,0.0,0.0,0.0,0.2804,0.0,0.0,0.0,0.0,0.0,0.0,0.0,0.0,0.0,3.824,2776.443824,Nut and Seed Products
187,"Nuts, cashew nuts, raw",0.0,41.95,36288.7,2.218,0.0,0.0,0.0,0.0,38860.0,4104.0,0.0,0.0,5.988,250.6,1.949,0.0,0.0,0.0,532.2,638.3,17442.3,0.0,0.0,0.0,0.02067,4.759,0.0,0.0,0.0,0.0,0.0,0.0,0.0,0.0,5.071,2362.554176,Nut and Seed Products
188,"Nuts, hazelnuts or filberts, raw",0.0,134.7,26501.2,1.413,0.0,0.0,0.0,0.0,53490.0,8410.0,0.0,0.0,3.465,155.8,6.059,0.0,0.0,0.0,321.1,635.9,13493.8,0.0,0.0,0.0,0.0,0.0,0.0,0.0,0.0,0.0,0.0,0.0,0.0,0.0,2.334,2683.57576,Nut and Seed Products
189,"Nuts, macadamia nuts, raw",0.0,52.71,24094.3,0.4455,0.0,0.0,0.0,0.0,64930.00000000001,7563.0,0.0,0.0,1.881,106.8,11.3,0.0,0.0,0.0,208.4,372.6,7785.700000000001,0.0,0.0,0.0,0.0326199999999999,0.0,0.0,0.0,0.0,0.0,0.0,0.0,0.0,0.0,1.2,2978.54776,Nut and Seed Products
190,"Nuts, pecans, halves, raw",0.02266,54.83,12699.3,0.9065,39282.0,22924.0,6465.0,0.0,73280.0,5793.0,0.0,0.0,2.371,102.9,2.28,0.01557,0.9463,0.0,252.7,360.3,9958.7,0.0,0.0,0.0,0.0,0.0,0.5476,0.0,0.0,0.1711,0.0,0.0,0.0,0.0040999999999999,3.93,3138.6359680000005,Nut and Seed Products
191,"Nuts, pine nuts, raw",0.0129,8.736,18592.1,1.119,0.0,0.0,0.0,0.0,61270.0,3941.0,0.0,0.0,5.36,205.9,10.25,0.003284,4.466,0.0,540.0,654.8,15703.9,0.0,0.0,0.0,0.0,0.0,0.6253,0.0,0.0,0.2546,0.0,0.0,0.0,0.0032,5.713,2881.160976,Nut and Seed Products
192,"Nuts, pistachio nuts, raw",0.0,117.4,27694.3,1.054,0.0,0.0,0.0,0.0,45020.0,6969.0,0.0,0.0,3.456,109.7,1.05,0.0,0.0,0.0,499.6,947.0,20505.7,0.0,0.0,0.0,0.02312,0.0,0.0,0.0,0.0,0.0,0.0,0.0,0.0,0.0,2.176,2501.94832,Nut and Seed Products
193,"Nuts, walnuts, English, halves, raw",0.01728,88.26,10909.6,1.206,9625.0,49331.0,6054.0,0.0,69740.0,5210.0,0.0,0.0,2.235,142.4,2.995,0.021,1.218,0.0,365.1,423.5,14564.4,0.0,0.0,0.0,0.0,0.0,0.23,0.0,0.0,0.6603,0.0,0.0,0.0,0.0017,2.76,3052.462304,Nut and Seed Products
194,"Oat milk, unsweetened, plain, refrigerated",0.001406,148.5,5100.325,0.02712,0.0,0.0,0.0,0.0,2749.0,0.0,0.0,0.0,0.2612,5.909,0.1262,0.01009,0.09625,0.0,89.18,148.4,796.875,0.0,0.0,0.2807,0.0,41.98,0.04,0.0,0.0005064,0.0065,0.0,0.0017,0.0,0.0004,0.09062,202.2118832,Beverages
195,"Oats, whole grain, rolled, old fashioned",0.0219,45.53,68657.55,0.4278,0.0,0.0,0.0,0.0,5890.0,0.0,0.03203,0.0,4.339,126.3,3.234,0.1604,0.9931,0.0,387.3,350.1,13496.45,0.0,0.0,0.0,0.02535,0.6675,0.4063,0.0,0.0,0.1346,0.0,0.0,0.0,0.0,2.744,1596.723184,Cereal Grains and Pasta
196,"Oats, whole grain, steel cut",0.022,51.34,69750.82,0.4113,0.0,0.0,0.0,0.0,5800.0,0.0,0.02999,0.0,3.801,128.6,3.414,0.1635,0.9263,0.0,417.3,375.9,12511.18,0.0,0.0,0.0,0.02904,0.3113,0.3338,0.0,0.0,0.1189,0.0,0.0,0.0,0.0,2.843,1595.141632,Cereal Grains and Pasta
197,"Oil, canola",0.0,0.0,0.0,0.0,62600.0,25300.0,6610.0,0.0,94500.0,0.0,0.0,0.0,0.0,0.0,0.0,0.0,0.0,0.0,0.0,0.0,0.0,7450.0,17800.0,0.0,0.0,0.0,0.0,0.0,0.0,0.0,0.0,0.0,17.3,0.0,0.0,0.0,Fats and Oils
198,"Oil, coconut",0.0,1.0,840.0,0.0,6310.0,1700.0,82500.0,28.0,90500.0,0.0,0.0,0.0,0.05,0.0,0.0,0.0,0.0,0.0,0.0,0.0,0.0,20.0,1680.0,0.0,0.0,0.0,0.0,0.0,0.0,0.0,0.0,0.0,0.11,0.0006,0.02,3480.0,Fats and Oils
199,"Oil, corn",0.0,0.0,0.0,0.0,27700.0,52900.0,13400.0,0.0,94000.0,0.0,0.0,0.0,0.0,0.0,0.0,0.0,0.0,0.0,0.0,0.0,0.0,1040.0,51900.0,0.0,0.0,0.0,0.0,0.0,0.0,0.0,0.0,0.0,22.6,0.0,0.0,0.0,Fats and Oils
200,"Oil, olive, extra light",0.0,0.0,0.0,0.0,66630.0,10370.0,15820.0,115.6,92935.6,0.0,0.0,0.0,0.0,0.0,0.0,0.0,0.0,0.0,0.0,0.0,0.0,607.325,9712.0,0.0,0.0,0.0,0.0,0.0,0.0,0.0,0.0,0.0,20.88,0.02604,0.0,0.0,Fats and Oils
201,"Oil, olive, extra virgin",0.0,0.0,0.0,0.0,69200.0,9070.0,15400.0,0.0,93700.0,0.0,0.0,0.0,0.0,0.0,0.0,0.0,0.0,0.0,0.0,0.0,0.0,651.0,8400.0,0.0,0.0,0.0,0.0,0.0,0.0,0.0,0.0,0.0,0.0,0.0,0.0,0.0,Fats and Oils
202,"Oil, peanut",0.0,0.0,0.0,0.0,57140.0,19920.0,16200.0,172.5,93432.5,0.0,0.0,0.0,0.0,0.0,0.0,0.0,0.0,0.0,0.0,0.0,0.0,318.625,19560.0,0.0,0.0,0.0,0.0,0.0,0.0,0.0,0.0,0.0,15.23,0.004263,0.0,0.0,Fats and Oils
203,"Oil, safflower",0.0,0.0,0.0,0.0,71630.0,13790.0,7651.0,129.39999999999998,93200.4,0.0,0.0,0.0,0.0,0.0,0.0,0.0,0.0,0.0,0.0,0.0,0.0,150.54999999999998,13620.0,0.0,0.0,0.0,0.0,0.0,0.0,0.0,0.0,0.0,45.95,0.005344,0.0,0.0,Fats and Oils
204,"Oil, soybean",0.0,0.0,0.0,0.0,22100.0,57600.0,14900.0,0.0,94600.0,0.0,0.0,0.0,0.0,0.0,0.0,0.0,0.0,0.0,0.0,0.0,0.0,6620.0,50900.0,0.0,0.0,0.0,0.0,0.0,0.0,0.0,0.0,0.0,12.2,0.0,0.0,0.0,Fats and Oils
205,"Oil, sunflower",0.0,0.0,0.0,0.0,63370.0,20710.0,8991.0,116.3,93187.3,0.0,0.0,0.0,0.0,0.0,0.0,0.0,0.0,0.0,0.0,0.0,0.0,165.175,20530.0,0.0,0.0,0.0,0.0,0.0,0.0,0.0,0.0,0.0,68.48,0.006925,0.0,0.0,Fats and Oils
206,"Olives, green, Manzanilla, stuffed with pimiento",0.0,121.0,4960.0,0.107,8860.0,661.0,2300.0,0.0,11800.0,4000.0,0.0,0.0,0.31,12.4,0.047,0.0,0.103,0.0,7.0,43.0,1150.0,104.0,557.0,0.0,0.0,1620.0,0.041,0.025,0.0,0.0,0.0,0.0,3.78,0.0166,0.09,543.0,Fruits and Fruit Juices
207,"Onions, red, raw",0.0,17.0,9930.0,0.058,0.0,0.0,0.0,0.0,100.0,2200.0,0.0,0.0,0.24,11.4,0.119,0.0,0.0,0.0,41.0,197.0,940.0,0.0,0.0,0.0,0.0005,1.0,0.0,0.0,0.0,0.0,8.1,0.0,0.0,0.0,0.17,186.0,Vegetables and Vegetable Products
208,"Onions, white, raw",0.0,21.0,7680.0,0.047,0.0,0.0,0.0,0.0,130.0,1200.0,0.0,0.0,0.15,9.3,0.099,0.0,0.0,0.0,29.0,141.0,890.0,0.0,0.0,0.0,0.0,2.0,0.0,0.0,0.0,0.0,0.0,0.0,0.0,0.0,0.12,148.0,Vegetables and Vegetable Products
209,"Onions, yellow, raw",0.0,15.0,8610.0,0.035,0.0,0.0,0.0,0.0,50.0,1900.0,0.0,0.0,0.28,9.0,0.144,0.0,0.0,0.0,34.0,182.0,830.0,0.0,0.0,0.0,0.0,1.0,0.0,0.0,0.0,0.0,8.2,0.0,0.0,0.0,0.2,160.0,Vegetables and Vegetable Products
210,"Orange juice, no pulp, not fortified, from concentrate, refrigerated",0.0,12.81,10340.625,0.03218,0.0,0.0,0.0,0.0,325.0,0.0,0.02985,0.0,0.06458,10.64,0.02986,0.0,0.04031,0.0,18.15,179.5,734.375,0.0,0.0,0.0,0.0,5.231,0.07006,0.0,0.0,0.04288,26.89,0.0,0.0,0.0,0.03189,197.5894,Fruits and Fruit Juices
211,"Orange juice, no pulp, not fortified, not from concentrate, refrigerated",0.0,9.288,10012.4,0.03529,0.0,0.0,0.0,0.0,356.3,0.0,0.02898,0.0,0.07061,10.26,0.02774,0.0,0.02906,0.0,18.96,182.8,812.5,0.0,0.0,0.0,0.0,0.075,0.07456,0.0,0.0,0.04113,30.54,0.0,0.0,0.0,0.03206,194.5823592,Fruits and Fruit Juices
212,"Oranges, raw, navels",0.0,43.0,11800.0,0.064,0.0,0.0,0.0,0.0,150.0,2000.0,0.025,0.0,0.33,10.7,0.029,0.0,0.425,0.261,23.0,166.0,910.0,0.0,0.0,0.051,0.0,9.0,0.068,0.0,0.0,0.079,59.1,0.0,0.0,0.0,0.11,196.0,Fruits and Fruit Juices
213,"Peaches, yellow, raw",0.0,4.0,10100.0,0.078,0.0,0.0,0.0,0.0,270.0,1500.0,0.006,0.0,0.34,8.0,0.026,0.0,0.806,0.153,22.0,122.0,910.0,0.0,0.0,0.031,0.0021,13.0,0.024,0.024,0.0,0.025,4.1,0.0,0.0,0.003,0.23,174.0,Fruits and Fruit Juices
214,"Peanut butter, creamy",0.08781,49.85,22703.76,0.5405,30710.0,9781.0,8415.0,0.0,49430.0,6323.0,0.09729,0.0,1.853,192.6,1.681,0.0,17.2,0.0,393.2,654.0,23991.24,0.0,9733.0,0.0,0.02016,220.7,0.1206,0.0,0.0,0.3805,0.0,0.0,5.413,0.0,3.062,2642.8236,Legumes and Legume Products
215,"Peanuts, raw",0.0,49.13,26498.0,0.4595,0.0,0.0,0.0,0.0,43280.0,8013.999999999999,0.0,0.0,1.554,179.7,1.68,0.0,0.0,0.0,380.4,635.6,23205.0,0.0,0.0,0.0,0.01781,1.493,0.0,0.0,0.0,0.0,0.0,0.0,0.0,0.0,2.78,2461.581088,Legumes and Legume Products
216,"Pears, raw, bartlett",0.0,8.0,15100.0,0.07,0.0,0.0,0.0,0.0,160.0,3100.0,0.006,0.0,0.17,5.7,0.032,0.0,0.164,0.042,10.0,87.0,380.0,0.0,0.0,0.026,0.0002,7.0,0.012,0.001,0.0,0.026,4.4,0.0,0.0,0.0038,0.07,238.0,Fruits and Fruit Juices
217,"Peas, green, sweet, canned, sodium added, sugar added, drained and rinsed",0.0,28.21,12707.625,0.1233,0.0,0.0,0.0,0.0,1153.0,0.0,0.0,0.0,1.139,21.91,0.2849,0.0,0.0,0.0,77.74,109.2,4734.375,0.0,0.0,0.0,0.0,207.4,0.0,0.0,0.0,0.0,0.0,0.0,0.0,0.0,0.712,335.32668,Vegetables and Vegetable Products
218,"Peppers, bell, green, raw",0.0,7.496,4778.1,0.05775,0.0,0.0,0.0,0.0,106.3,941.9,0.02221,0.0,0.1861,9.004,0.09991,0.0,0.6363,0.0,16.75,163.1,715.0,0.0,0.0,0.08875,0.0,0.0,0.03906,0.0,0.0,0.2468,99.51,0.0,0.0,0.0,0.1256,95.9353544,Vegetables and Vegetable Products
219,"Peppers, bell, orange, raw",0.00058,4.899,6703.125,0.0351,0.0,0.0,0.0,0.0,155.6,967.4,0.0,0.0,0.3652,10.43,0.1491,0.0,1.078,0.0,26.59,200.8,881.875,0.0,0.0,0.1017,0.0003,0.0,0.05456,0.0,0.0,0.3324,158.3,0.0,0.0,0.0,0.2422,132.8018336,Vegetables and Vegetable Products
220,"Peppers, bell, red, raw",0.0004267,6.361,6653.175,0.03983,0.0,0.0,0.0,0.0,125.6,1158.0,0.04732,0.0,0.3533,10.98,0.1328,0.0,1.024,0.0,26.59,212.7,895.625,0.0,0.0,0.1422,0.0,0.0,0.05494,0.0,0.0,0.3027,141.7,0.0,0.0,0.0,0.2023,131.06631040000002,Vegetables and Vegetable Products
221,"Peppers, bell, yellow, raw",0.00046,6.686,6601.725,0.04529,0.0,0.0,0.0,0.0,121.1,1071.0,0.04163,0.0,0.3596,10.34,0.1417,0.0,0.91,0.0,24.76,197.3,819.375,0.0,0.0,0.09778,0.0,0.0,0.04867,0.0,0.0,0.2918,138.8,0.0,0.0,0.0,0.193,128.7596712,Vegetables and Vegetable Products
222,"Pickles, cucumber, dill or kosher dill",0.0,54.0,1990.0,0.026,0.0,0.0,0.0,0.0,430.0,1000.0,0.008,0.0,0.23,7.1,0.056,0.0,0.109,0.2,16.0,112.0,480.0,0.0,0.0,0.057,0.0,808.0,0.047,0.004,0.0,0.034,2.1,0.0,0.12,0.0168,0.11,50.0,Vegetables and Vegetable Products
223,"Pineapple, raw",0.0,12.5,14091.4625,0.09545,0.0,0.0,0.0,0.0,211.3,934.6,0.0,0.0,0.054,13.38,0.866,0.0,0.2275,0.0,5.42,137.1,460.9375,0.0,0.0,0.0,0.0,0.0,0.06375,0.0,0.0,0.1101,58.61,0.0,0.0,0.0,0.1067,251.5056792,Fruits and Fruit Juices
224,"Pork, cured, bacon, cooked, restaurant",0.0,13.0,2100.0,0.13,15800.0,6000.0,12600.0,150.0,34600.0,0.0,0.0,0.0,1.28,36.5,0.02,0.0,0.0,0.0,415.0,557.0,40900.0,254.0,5230.0,0.0,0.0,1830.0,0.0,0.0,0.0,0.0,0.0,0.0,0.0,0.0,3.56,2090.0,Pork Products
225,"Pork, ground, raw",0.0,5.857,0.0,0.0666,7777.0,2553.0,6283.0,66.0,17490.0,0.0,0.0,0.0,0.7876,19.03,0.0,0.0,0.0,0.0,173.3,317.7,17806.25,0.0,0.0,0.0,0.0,53.63,0.0,0.0,0.0,0.0,0.0,0.0,0.0,0.0,2.226,955.0933952,Pork Products
226,"Pork, loin, boneless, raw",0.0,4.111,-481.75,0.0382,3946.0,1379.0,3285.0,28.75,9469.0,0.0,0.0,0.0,0.4519,21.96,0.0,0.0,0.0,0.0,196.8,361.2,21118.75,0.0,0.0,0.0,0.0,40.2,0.0,0.0,0.0,0.0,0.0,0.0,0.0,0.0,1.57,701.945496,Pork Products
227,"Pork, loin, tenderloin, boneless, raw",0.0,4.528,-594.25,0.07724,862.5,417.5,866.3,10.0,3899.0,0.0,0.0,0.0,0.9293,24.66,0.002588,0.0,0.0,0.0,217.4,397.4,21581.25,0.0,0.0,0.0,0.0,41.39,0.0,0.0,0.0,0.0,0.0,0.0,0.0,0.0,1.773,498.059176,Pork Products
228,"Potatoes, gold, without skin, raw",0.0,5.943,15962.4,0.1304,0.0,0.0,0.0,0.0,263.79999999999995,0.0,0.0,0.0,0.3728,22.3,0.1598,0.007836,1.585,0.0,56.95,445.8,1812.5,0.0,0.0,0.0,0.0,2.238,0.05125,0.0,0.0,0.145,23.3,0.0,0.0,0.0008,0.3739,307.4143792,Vegetables and Vegetable Products
229,"Potatoes, red, without skin, raw",0.0,5.128,16270.0,0.09124,0.0,0.0,0.0,0.0,247.5,0.0,0.0,0.0,0.3911,23.56,0.1648,0.007408,1.481,0.0,55.65,472.0,2062.5,0.0,0.0,0.0,0.0,2.856,0.06625,0.0,0.0,0.1441,21.29,0.0,0.0,0.0011,0.3923,316.13258,Vegetables and Vegetable Products
230,"Potatoes, russet, without skin, raw",0.0,7.801,17771.25,0.09118,0.0,0.0,0.0,0.0,360.0,0.0,0.0,0.0,0.3835,25.64,0.152,0.004869,1.501,0.0,55.19,450.1,2273.75,0.0,0.0,0.0,0.0,2.743,0.07375,0.0,0.0,0.1573,10.9,0.0,0.0,0.0015,0.3781,349.02928,Vegetables and Vegetable Products
231,"Raspberries, raw",0.003433,16.41,12904.375,0.05289,0.0,0.0,0.0,0.0,187.5,0.0,0.0,0.0,0.4501,19.15,0.4935,0.0,0.0,0.0,27.47,155.8,1008.125,0.0,0.0,0.0,0.0,0.0,0.0,0.0,0.0,0.0,23.04,0.0,0.0,0.0,0.2213,239.9001,Fruits and Fruit Juices
232,"Restaurant, Chinese, fried rice, without meat",0.0,11.0,32500.0,0.086,588.0,1130.0,493.0,9.0,2220.0,0.0,0.0,0.0,0.46,9.7,0.428,0.0,0.0,0.0,44.0,69.0,3840.0,118.0,998.0,0.0,0.0,361.0,0.0,0.022,0.0,0.0,0.0,0.0,0.0,0.0,0.69,729.0,Restaurant Foods
233,"Restaurant, Chinese, sweet and sour pork",0.0,46.0,25500.0,0.06,3490.0,7050.0,2680.0,87.0,13300.0,1000.0,0.0,0.0,3.07,13.0,0.173,0.0,2.11,0.443,133.0,152.0,8880.0,792.0,6200.0,0.103,0.0097,304.0,0.235,0.029,0.00019,0.17,2.3,0.0,0.89,0.0278,1.07,1090.0,Restaurant Foods
234,"Restaurant, Latino, pupusas con frijoles (pupusas, bean)",0.0,51.0,31500.0,0.141,2950.0,2880.0,2190.0,57.0,8080.0,5800.0,0.0,0.0,1.46,53.6,0.344,0.0,0.867,0.303,144.0,305.0,5590.0,335.0,2490.0,0.03,0.007,305.0,0.077,0.0,0.0,0.172,0.0,0.0,0.36,0.0074,0.94,959.0,Restaurant Foods
235,"Restaurant, Latino, tamale, pork",0.0,75.0,15800.0,0.05,3200.0,2030.0,2690.0,58.0,7980.0,2400.0,0.0,0.0,0.87,26.2,0.186,0.0,1.29,0.365,120.0,152.0,7380.0,106.0,1820.0,0.05,0.0098,473.0,0.04,0.012,0.00012,0.132,0.0,0.0,0.53,0.0050999999999999,1.2,728.0,Restaurant Foods
236,"Rice, brown, long grain, unenriched, raw",0.004988,8.058,76687.95,0.2659,0.0,0.0,0.0,0.0,3306.0,3021.0,0.0,0.0,1.242,115.0,2.696,0.06394,6.271,0.0,302.8,250.1,7253.05,0.0,0.0,0.1025,0.0148,0.0,0.3263,0.0,0.0,0.1606,0.0,0.0,0.0,0.0,1.854,1529.327312,Cereal Grains and Pasta
237,"Rice, white, long grain, unenriched, raw",0.0,4.46,80313.15,0.2138,0.0,0.0,0.0,0.0,1033.0,148.79999999999998,0.0,0.0,0.1405,26.53,0.9811,0.06418,1.434,0.0,108.2,82.26,7038.85,0.0,0.0,0.08,0.0066,0.4625,0.065,0.0,0.0,0.05788,0.0,0.0,0.0,0.0,1.354,1500.82172,Cereal Grains and Pasta
238,"Salt, table, iodized",0.0,50.0,0.0,0.0,0.0,0.0,0.0,0.0,0.0,0.0,0.0,5.08,0.0,0.0,0.032,0.0,0.0,0.0,0.0,2.0,0.0,0.0,0.0,0.0,0.0,38700.0,0.0,0.0,0.0,0.0,0.0,0.0,0.0,0.0,0.0,0.0,Spices and Herbs
239,"Sauce, pasta, spaghetti/marinara, ready-to-serve",0.0,27.0,8050.000000000001,0.081,376.0,504.0,170.0,5.0,1050.0,1800.0,0.0,0.0,0.78,18.5,0.137,0.0,0.0,0.0,34.0,319.0,1410.0,79.0,424.0,0.0,0.0,419.0,0.0,0.032,0.0,0.0,0.0,0.0,0.0,0.0,0.2,186.0,"Soups, Sauces, and Gravies"
240,"Sauce, salsa, ready-to-serve",0.0,28.0,6740.0,0.065,0.0,0.0,0.0,0.0,190.0,1800.0,0.0,0.0,0.42,15.2,0.11,0.0,1.12,0.202,32.0,258.0,1440.0,0.0,0.0,0.0,0.0,656.0,0.035,0.024,0.0,0.176,0.0,0.0,1.22,0.0042,0.2,122.0,"Soups, Sauces, and Gravies"
241,"Sausage, Italian, pork, mild, cooked, pan-fried",0.0,12.0,2150.0,0.074,11600.0,4960.0,9150.0,100.0,25800.0,0.0,0.0,0.0,1.29,18.6,0.033,0.0,5.73,0.783,145.0,310.0,18200.0,204.0,4310.0,0.242,0.0202,766.0,0.31,0.022,0.00106,0.343,0.0,0.0,0.8,0.0,2.41,1350.0,Sausages and Luncheon Meats
242,"Sausage, breakfast sausage, beef, pre-cooked, unprepared",0.0,35.0,3370.0,0.075,12700.0,1910.0,11300.0,1180.0,27100.0,0.0,0.0,0.0,1.55,19.7,0.174,0.0,2.43,0.322,124.0,263.0,13300.0,101.0,1570.0,0.132,0.0116,866.0,0.054,0.018,0.00113,0.15,19.2,0.0,0.33,0.0,2.14,1370.0,Sausages and Luncheon Meats
243,"Sausage, pork, chorizo, link or ground, cooked, pan-fried",0.0,37.0,2630.0,0.13,11700.0,4740.0,9450.0,115.0,26000.0,0.0,0.01,0.0,2.34,30.1,0.188,0.0,7.06,1.2,207.0,435.0,19300.0,207.0,4130.0,0.42,0.0259,983.0,0.365,0.0,0.00121,0.554,0.0,0.0,1.5,0.006,2.19,1450.0,Sausages and Luncheon Meats
244,"Sausage, turkey, breakfast links, mild, raw",0.0,32.0,930.0,0.07,3070.0,3150.0,2530.0,104.0,8860.0,0.0,0.0,0.0,1.17,18.9,0.035,0.0,5.02,0.952,178.0,310.0,16700.0,197.0,2800.0,0.296,0.0125,599.0,0.047,0.0,0.0012,0.335,0.0,0.0,0.24,0.0004,2.58,706.0,Sausages and Luncheon Meats
245,"Seeds, pumpkin seeds (pepitas), raw",0.0,37.38,18675.1,1.225,0.0,0.0,0.0,0.0,40030.0,5079.0,0.0,0.0,8.363,499.7,4.121,0.0,0.0,0.0,1150.0,691.2,29907.9,0.0,0.0,0.0,0.02052,0.0,0.0,0.0,0.0,0.0,0.0,0.0,0.0,0.0,6.341,2320.454768,Nut and Seed Products
246,"Seeds, sunflower seed kernels, dry roasted, with salt added",0.0,78.0,17100.0,1.83,33400.0,13000.0,5360.0,297.0,52100.0,10300.0,0.169,0.0,5.21,358.0,2.89,0.0,6.96,0.84,750.0,689.0,21000.0,59.0,13000.0,0.507,0.0804,532.0,0.473,0.001,0.0,0.76,0.0,0.0,19.6,0.0012,6.0,2560.0,Nut and Seed Products
247,"Seeds, sunflower seed, kernel, raw",0.0,115.6,24500.7,1.875,0.0,0.0,0.0,0.0,48440.0,7215.0,0.0,0.0,4.37,301.9,2.63,0.0,0.0,0.0,732.0,656.8,18873.3,0.0,0.0,0.0,0.01778,0.0,0.0,0.0,0.0,0.0,0.0,0.0,0.0,0.0,5.578,2549.963904,Nut and Seed Products
248,"Sesame butter, creamy",0.01331,115.8,14179.0,1.646,22570.0,26370.0,8966.0,0.0,62400.0,8372.0,0.1084,0.0,7.003,356.8,1.609,0.0,5.813,0.0,719.3,407.7,19705.4,249.5,26110.0,0.0,0.04648,63.63,0.9928,0.0,0.0,0.5953,0.0,0.0,0.0,0.001713,6.039,2916.8237184000004,Nut and Seed Products
249,"Soy milk, sweetened, plain, refrigerated",0.002157,154.8,2996.125,0.09561,0.0,0.0,0.0,0.0,1957.0,0.0,0.01581,0.0,0.3666,17.46,0.1596,0.03229,0.1329,0.0,45.96,117.9,2776.875,0.0,0.0,0.3307,0.0,39.44,0.04357,0.0,0.001327,0.03643,0.0,0.00463,0.0,0.0028,0.2636,170.30972,Legumes and Legume Products
250,"Soy milk, unsweetened, plain, shelf stable",0.003338,101.0,1293.125,0.1078,416.3,1154.0,313.8,0.0,1884.1,0.0,0.01969,0.0,0.5416,21.54,0.2077,0.05838,0.2356,0.0,68.65,158.2,3546.875,166.4,987.8,0.084,0.001942,34.28,0.06319,0.0582,0.0003931,0.05525,0.0,0.000681,0.1557,0.0,0.3118,161.02124,Legumes and Legume Products
251,"Spinach, baby",0.001661,68.35,2406.325,0.08181,0.0,0.0,0.0,0.0,618.8000000000001,1558.0,0.1165,0.0,1.261,92.86,0.4884,0.0,0.5506,0.0,39.05,581.8,2851.875,0.0,0.0,0.1935,0.0,111.4,0.07688,0.283,0.0,0.1946,26.52,0.0,0.0,0.0,0.4471,111.302768,Vegetables and Vegetable Products
252,"Spinach, mature",0.004252,66.64,2641.35,0.07883,0.0,0.0,0.0,0.0,604.4000000000001,1588.0,0.1134,0.006088,1.054,92.96,0.4257,0.0,0.51,0.0,40.56,459.7,2906.25,0.0,0.0,0.192,0.0,106.6,0.0765,0.306,0.0,0.2143,30.27,0.0,0.0,0.0,0.4229,115.60392,Vegetables and Vegetable Products
253,"Squash, summer, green, zucchini, includes skin, raw",0.0,20.85,0.0,0.06384,0.0,0.0,0.0,0.0,205.0,752.5,0.0,0.0,0.1945,15.29,0.1489,0.0,0.0,0.0,32.9,225.8,984.375,0.0,0.0,0.0,0.0,0.0,0.0,0.0,0.0,0.0,0.0,0.0,0.0,0.0,0.2605,0.0,Vegetables and Vegetable Products
254,"Squash, summer, yellow, includes skin, raw",0.0,22.69,0.0,0.06078,0.0,0.0,0.0,0.0,135.0,956.3,0.0,0.0,0.1369,16.84,0.2398,0.0,0.0,0.0,30.74,220.5,890.625,0.0,0.0,0.0,0.0,0.0,0.0,0.0,0.0,0.0,0.0,0.0,0.0,0.0,0.203,0.0,Vegetables and Vegetable Products
255,"Squash, winter, acorn, raw",0.0,24.82,10480.0,0.08685,0.0,0.0,0.0,0.0,182.5,2635.0,0.0,0.0,0.3078,23.75,0.1871,0.0,0.0,0.0,42.04,332.1,1250.0,0.0,0.0,0.0,0.0,0.0,0.0,0.0,0.0,0.0,0.0,0.0,0.0,0.0,0.2935,203.1855,Vegetables and Vegetable Products
256,"Squash, winter, butternut, raw",0.0,21.74,10507.45,0.0733,0.0,0.0,0.0,0.0,167.5,1959.0,0.0,0.0,0.2129,14.95,0.07538,0.0,0.0,0.0,26.53,329.1,1148.75,0.0,0.0,0.0,0.0,0.0,0.0,0.0,0.0,0.0,0.0,0.0,0.0,0.0,0.193,201.3855432,Vegetables and Vegetable Products
257,"Strawberries, raw",0.00019,16.9,7964.375,0.03471,0.0,0.0,0.0,0.0,220.0,0.0,0.0,0.0,0.255,12.52,0.3675,0.0,0.0,0.0,22.98,160.7,640.625,0.0,0.0,0.0,0.0,0.0,0.0,0.0,0.0,0.0,59.62,0.0,0.0,0.0,0.114,152.2976,Fruits and Fruit Juices
258,"Sugars, granulated",0.0,1.0,99600.0,0.007,0.0,0.0,0.0,0.0,320.0,0.0,0.0,0.0,0.05,0.3,0.004,0.0,0.0,0.0,0.0,2.0,0.0,0.0,0.0,0.0,0.0,1.0,0.0,0.0,0.0,0.0,0.0,0.0,0.0,0.0,0.01,1610.0,Sweets
259,"Sweet potatoes, orange flesh, without skin, raw",0.0,22.33,17327.875,0.1866,0.0,0.0,0.0,0.0,375.0,0.0,0.0,0.0,0.398,19.14,0.4174,0.0,0.4325,0.0,36.73,486.4,1578.125,0.0,0.0,0.0,0.0,0.0,0.045,0.0,0.0,0.1241,14.84,0.0,0.0,0.0002,0.3374,330.531816,Vegetables and Vegetable Products
260,"Tomato juice, with added ingredients, from concentrate, shelf stable",0.0,9.744,4320.625,0.05745,0.0,0.0,0.0,0.0,287.5,0.0,0.01893,0.0,0.2988,10.43,0.05834,0.0,0.0865,0.0,18.54,197.6,859.375,0.0,0.0,0.0,0.0,235.6,0.04188,0.0,0.0,0.07613,49.8,0.0,0.0,0.0,0.104,97.51858,Vegetables and Vegetable Products
261,"Tomato, paste, canned, without salt added",0.0,36.85,20188.125,0.295,0.0,0.0,0.0,0.0,732.5,4704.0,0.0,0.0,3.185,49.61,0.3315,0.0,0.0,0.0,91.16,971.6,4234.375,0.0,0.0,0.0,0.0,61.15,0.0,0.0,0.0,0.0,0.0,0.0,0.0,0.0,0.5113,436.31798,Vegetables and Vegetable Products
262,"Tomato, puree, canned",0.0,17.64,8036.875,0.1227,0.0,0.0,0.0,0.0,265.0,1971.0,0.0,0.0,1.237,19.33,0.1396,0.0,0.0,0.0,34.14,416.4,1578.125,0.0,0.0,0.0,0.0,29.36,0.0,0.0,0.0,0.0,0.0,0.0,0.0,0.0,0.2084,170.89548,Vegetables and Vegetable Products
263,"Tomato, roma",0.0004688,9.963,3837.475,0.03198,0.0,0.0,0.0,0.0,425.0,970.6,0.009994,0.0,0.1031,8.089,0.0869,0.0,0.5331,0.0,19.09,192.8,695.625,0.0,0.0,0.0,0.0,0.0,0.05575,0.0238999999999999,0.0,0.07894,17.75,0.0,0.0,0.0,0.08245,91.8697616,Vegetables and Vegetable Products
264,"Tomato, sauce, canned, with salt added",0.0,17.1,6331.625,0.08933,0.0,0.0,0.0,0.0,382.5,1636.0,0.0,0.0,1.107,18.73,0.1314,0.0,0.0,0.0,29.2,355.5,1351.875,0.0,0.0,0.0,0.0,416.9,0.0,0.0,0.0,0.0,0.0,0.0,0.0,0.0,0.183,142.994476,Vegetables and Vegetable Products
265,"Tomatoes, canned, red, ripe, diced",0.0,30.0,3320.0,0.052,0.0,0.0,0.0,0.0,500.0,0.0,0.0,0.0,0.57,9.8,0.068,0.0,0.0,0.0,18.0,198.0,840.0,0.0,0.0,0.0,0.0,125.0,0.0,0.0,0.0,0.0,0.0,0.0,0.0,0.0,0.12,76.0,Vegetables and Vegetable Products
266,"Tomatoes, crushed, canned",0.0,19.2,7137.0,0.1043,0.0,0.0,0.0,0.0,397.5,1944.0,0.0,0.0,2.268,18.64,0.1529,0.0,0.0,0.0,32.91,345.6,1437.5,0.0,0.0,0.0,0.0,139.8,0.0,0.0,0.0,0.0,0.0,0.0,0.0,0.0,0.2014,158.47109200000003,Vegetables and Vegetable Products
267,"Tomatoes, grape, raw",0.0,11.0,5510.0,0.058,0.0,0.0,0.0,0.0,630.0,2100.0,0.01,0.0,0.33,11.9,0.121,0.0,0.805,0.0,28.0,260.0,830.0,0.0,0.0,0.065,0.0,6.0,0.075,0.0,0.0,0.06,27.2,0.0,0.98,0.0042,0.2,113.0,Vegetables and Vegetable Products
268,"Tomatoes, whole, canned, solids and liquids, with salt added",0.0,19.83,4287.4,0.05938,0.0,0.0,0.0,0.0,206.3,872.5,0.0,0.0,0.9291,10.75,0.07515,0.0,0.0,0.0,17.31,202.9,867.5,0.0,0.0,0.0,0.0,111.5,0.0,0.0,0.0,0.0,0.0,0.0,0.0,0.0,0.1198,94.0408392,Vegetables and Vegetable Products
269,"Turkey, ground, 93% lean, 7% fat, pan-broiled crumbles",0.0,31.0,0.0,0.166,3780.0,3490.0,2970.0,144.0,10400.0,0.0,0.0,0.0,1.56,29.1,0.01,0.0,8.09,1.4,259.0,304.0,27100.0,195.0,3050.0,0.262,0.0283999999999999,90.0,0.088,0.03,0.0019,0.497,0.0,0.0,0.18,0.0,3.77,922.0,Poultry Products
270,"Turkey, ground, 93% lean/ 7% fat, raw",0.0,23.63,0.0,0.07624,2874.0,2590.0,2264.0,81.0,9591.0,0.0,0.0,0.0,1.087,17.3,0.01581,0.0,0.0,0.0,162.0,246.3,17343.75,0.0,0.0,0.0,0.0,80.18,0.0,0.0,0.0,0.0,0.0,0.0,0.0,0.0,2.95,638.5411600000001,Poultry Products
271,"Yogurt, Greek, plain, nonfat",0.0,111.0,3640.0,0.017,43.0,11.0,108.0,5.0,170.0,0.0,0.0,0.0,0.07,10.7,0.009,0.0,0.211,0.332,136.0,141.0,10300.0,1.0,10.0,0.281,0.0099,36.0,0.022,0.001,0.0007,0.064,0.0,0.0,0.01,0.0,0.53,256.0,Dairy and Egg Products
272,"Yogurt, Greek, plain, whole milk",0.0,110.9,4754.02,0.009513,957.5,0.0,2393.0,0.0,4394.0,0.0,0.0,0.04228,0.0,10.7,0.005738,0.0,0.2269,0.0,125.9,146.9,8778.88,0.0,105.5,0.2444,0.0,33.76,0.05525,0.0,0.0,0.04394,0.0,0.0,0.0,0.0002,0.473,391.9470784,Dairy and Egg Products
273,"Yogurt, Greek, strawberry, nonfat",0.0,97.0,12200.0,0.02,29.0,21.0,103.0,2.0,150.0,600.0,0.02,0.0,0.09,10.4,0.034,0.0,0.208,0.363,113.0,133.0,8060.000000000001,6.0,15.0,0.25,0.0098,32.0,0.0,0.0,0.00045,0.05,0.2,0.001,0.0,0.0,0.46,347.0,Dairy and Egg Products
274,"Yogurt, plain, nonfat",0.0,167.4,8076.750000000001,0.0,0.0,0.0,0.0,0.0,87.5,0.0,0.0,0.05872,0.0,15.21,0.0,0.0,0.0,0.0,127.0,210.5,4226.75,0.0,0.0,0.0,0.0,51.48,0.0,0.0,0.0,0.0,0.0,0.000217,0.0,0.0,0.5989,209.206276,Dairy and Egg Products
275,"Yogurt, plain, whole milk",0.0,126.8,5574.928,0.003175,873.8000000000001,0.0,2316.0,0.0,4484.0,0.0,0.0,0.03233,0.0,11.45,0.001539,0.0,0.135,0.0,101.2,164.1,3824.172,0.0,82.25,0.2431,0.0,41.78,0.05519,0.0,0.0,0.04506,0.0,0.000778,0.0,0.0002,0.4283,326.1528416,Dairy and Egg Products
276,"Mayonnaise, reduced fat, with olive oil",0.0,0.0,0.0,0.019,29542.0,4006.0,5370.0,0.0,0.0,0.0,0.0,0.0,0.0,2.0,0.007,0.0,0.01,0.058,15.0,31.0,370.0,0.0,0.0,0.0,0.0023,800.0,0.008,0.008,0.00012,0.002,0.0,0.0,2.19,0.0537,0.07,1510.424,Fats and Oils
277,"Cinnamon buns, frosted (includes honey buns)",0.0,183.0,0.0,0.062,8723.0,3676.0,12649.0,295.0,0.0,1200.0,0.072,0.0,1.37,14.0,0.292,0.0,2.404,0.337,131.0,102.0,4450.0,0.0,0.0,0.138,0.013,305.0,0.211,0.0,0.00016,0.038,0.3,0.0,1.15,0.0152,0.53,1891.168,Baked Products
278,"Chicken breast tenders, breaded, cooked, microwaved",0.0,14.0,0.0,0.316,5710.0,2790.0,3200.0,0.0,0.0,0.0,0.012,0.0,1.0,26.0,0.235,0.0,6.514,0.994,216.0,225.0,16350.000000000002,0.0,0.0,0.098,0.0306,446.0,0.324,0.0,0.00044,0.037,0.0,0.0,0.37,0.0042,0.77,1054.368,Poultry Products
279,"Salmon nuggets, breaded, frozen, heated",0.0,8.0,0.0,0.077,4625.0,3028.0,1570.0,0.0,0.0,0.0,0.009,0.0,1.24,20.0,0.118,0.0,4.527,0.523,176.0,165.0,12690.0,0.0,0.0,0.156,0.0,173.0,0.207,0.0,0.00207,0.222,0.0,0.0,0.0,0.0,0.52,887.008,Finfish and Shellfish Products
280,"Quinoa, uncooked",0.0,47.0,0.0,0.59,1613.0,3292.0,706.0,0.0,0.0,7000.0,0.184,0.0,4.57,197.0,2.033,0.0,1.52,0.772,457.0,563.0,14120.0,0.0,0.0,0.318,0.0085,5.0,0.36,0.001,0.0,0.487,0.0,0.0,2.44,0.0,3.1,1539.712,Cereal Grains and Pasta
281,"Honey roll sausage, beef",0.0,9.0,0.0,0.1,4820.0,490.0,4080.0,0.0,0.0,0.0,0.004,0.0,2.2,16.0,0.037,0.0,4.165,0.49,137.0,291.0,18580.0,0.0,0.0,0.182,0.0156,1322.0,0.08,0.0,0.00235,0.27,0.0,0.001,0.0,0.0,3.25,761.488,Sausages and Luncheon Meats
282,"Tofu, firm, prepared with calcium sulfate and magnesium chloride (nigari)",0.0,201.0,0.0,0.213,1127.0,1649.0,793.0,0.0,0.0,900.0,0.019,0.0,1.61,37.0,0.625,0.0,0.101,0.11,121.0,148.0,9040.0,0.0,0.0,0.063,0.0099,12.0,0.06,0.0,0.0,0.071,0.2,0.0,0.01,0.0024,0.83,326.35200000000003,Legumes and Legume Products
283,"Corned beef loaf, jellied",0.0,11.0,0.0,0.06,2680.0,320.0,2600.0,0.0,0.0,0.0,0.008,0.0,2.04,11.0,0.031,0.0,1.76,0.19,73.0,101.0,22900.0,0.0,0.0,0.11,0.0172,953.0,0.0,0.0,0.00127,0.12,0.0,0.0,0.0,0.0,4.09,640.152,Sausages and Luncheon Meats
284,"Avocados, raw, all commercial varieties",0.0,12.0,0.0,0.19,9799.0,1816.0,2126.0,0.0,0.0,6700.0,0.081,0.0,0.55,29.0,0.142,0.0,1.738,1.389,52.0,485.0,2000.0,0.0,0.0,0.13,0.0004,7.0,0.067,0.007,0.0,0.257,10.0,0.0,2.07,0.021,0.64,669.44,Fruits and Fruit Juices
285,"Granola bar, soft, milk chocolate coated, peanut butter",0.0,108.0,0.0,0.323,6561.0,1906.0,17065.0,0.0,0.0,3800.0,0.025,0.0,1.45,67.0,0.0,0.0,3.29,0.0,227.0,339.0,9600.0,0.0,0.0,0.21,0.0157,193.0,0.1,0.008,0.00046,0.11,0.6,0.0,4.59,0.0057,1.47,2242.6240000000003,Snacks
286,"Wild rice, raw",0.0,21.0,0.0,0.524,159.0,676.0,156.0,0.0,0.0,6200.0,0.095,0.0,1.96,177.0,1.329,0.0,6.733,1.074,433.0,427.0,14730.0,0.0,0.0,0.262,0.0028,7.0,0.115,0.001,0.0,0.391,0.0,0.0,0.82,0.0019,5.96,1493.688,Cereal Grains and Pasta
287,"Pancakes plain, frozen, ready-to-heat (includes buttermilk)",0.0,78.0,0.0,0.072,1554.0,3831.0,1162.0,30.0,0.0,1000.0,0.071,0.0,5.67,14.0,0.285,0.0,6.357,0.34,215.0,90.0,5230.0,0.0,0.0,0.38,0.0108,461.0,0.7,0.453,0.0028,0.52,0.3,0.0,0.62,0.0065,0.4,974.872,Baked Products
288,"Beverages, tea, green, ready to drink, ginseng and honey, sweetened",0.0,3.0,0.0,0.005,0.0,0.0,0.0,0.0,0.0,0.0,0.0,0.0,0.02,1.0,0.12,0.0,0.0,0.0,0.0,5.0,0.0,0.0,0.0,0.0,0.0,2.0,0.04,0.0,0.0,0.0,7.7,0.0,0.0,0.0,0.01,125.52,Beverages
289,"Vegetables, mixed, canned, solids and liquids",0.0,21.0,0.0,0.104,16.0,120.0,51.0,0.0,0.0,3800.0,0.018,0.0,0.65,15.0,0.427,0.0,0.482,0.114,37.0,138.0,1420.0,0.0,0.0,0.04,0.0002,224.0,0.034,0.0,0.0,0.077,3.8,0.0,0.0,0.0,0.51,150.624,Vegetables and Vegetable Products
290,Miso,0.0,57.0,0.0,0.42,1118.0,2884.0,1025.0,0.0,0.0,5400.0,0.019,0.0,2.49,48.0,0.859,0.0,0.906,0.337,159.0,210.0,12790.0,0.0,0.0,0.233,0.007,3728.0,0.098,0.004,8e-05,0.199,0.0,0.0,0.01,0.0293,2.56,828.432,Legumes and Legume Products
291,"Nuts, mixed nuts, dry roasted, with peanuts, without salt added",0.0,87.0,0.0,1.52,34532.0,9858.0,8010.0,33.0,0.0,6400.0,0.06,0.0,3.73,227.0,2.61,0.0,6.22,0.0,438.0,643.0,19500.0,0.0,0.0,0.4,0.0093,4.0,0.3,0.0,0.0,0.36,0.8,0.0,6.13,0.012,4.06,2539.688,Nut and Seed Products
292,"Bread, whole-wheat, commercially prepared, toasted",0.0,130.0,0.0,0.67,1972.0,740.0,922.0,1025.0,0.0,7500.0,0.052,0.0,2.96,99.0,2.545,0.0,5.732,0.722,303.0,326.0,16270.0,0.0,0.0,0.284,0.0526,565.0,0.376,0.0,0.0,0.237,0.0,0.0,0.63,0.009,2.15,1280.304,Baked Products
293,"Crackers, saltines, whole wheat (includes multi-grain)",0.0,0.0,0.0,0.266,2793.0,7229.0,0.0,0.0,0.0,6700.0,0.082,0.0,5.14,70.0,1.494,0.0,4.427,0.654,196.0,221.0,7140.0,0.0,0.0,0.225,0.0258,1214.0,0.465,0.0,0.0,0.213,0.0,0.0,1.19,0.0183,1.46,1665.232,Baked Products
294,"Babyfood, yogurt, whole milk, with fruit, multigrain cereal and added DHA fortified",0.0,107.0,0.0,0.023,916.0,367.0,1840.0,0.0,0.0,300.0,0.008,0.0,0.15,15.0,0.101,0.0,0.119,0.354,95.0,149.0,3400.0,0.0,0.0,0.129,0.0028,41.0,0.047,0.024,0.00032,0.034,1.4,0.0001,0.07,0.0003,0.59,410.032,Baby Foods
295,"Bread, pita, white, enriched",0.0,86.0,0.0,0.168,105.0,535.0,166.0,0.0,0.0,2200.0,0.107,0.0,2.62,26.0,0.481,0.0,4.632,0.397,97.0,120.0,9100.0,0.0,0.0,0.327,0.0271,536.0,0.599,0.0,0.0,0.034,0.0,0.0,0.3,0.0002,0.84,1150.6,Baked Products
296,"Fruit juice smoothie, NAKED JUICE, MIGHTY MANGO",0.0,8.0,0.0,0.0,0.0,0.0,0.0,0.0,0.0,0.0,0.0,0.0,0.15,0.0,0.0,0.0,0.0,0.0,0.0,142.0,420.0,0.0,0.0,0.0,0.0,4.0,0.0,0.0,0.0,0.0,2.5,0.0,0.0,0.0,0.0,263.592,Fruits and Fruit Juices
297,"Stew/soup, caribou (Alaska Native)",0.0,7.0,0.0,0.03,0.0,20.0,10.0,0.0,0.0,100.0,0.003,0.0,0.2,5.0,0.08,0.0,0.27,0.1,12.0,84.0,3800.0,0.0,0.0,0.01,0.0,72.0,0.02,0.0,0.0,0.06,1.5,0.0,0.0,0.0,0.1,171.544,American Indian/Alaska Native Foods
298,"Tomato products, canned, sauce, with herbs and cheese",0.0,37.0,0.0,0.174,380.0,825.0,627.0,0.0,0.0,2200.0,0.008,0.0,0.87,19.0,0.188,0.0,1.209,0.275,54.0,356.0,2130.0,0.0,0.0,0.124,0.0009,543.0,0.076,0.049,0.0,0.019,10.0,0.0,0.0,0.0,0.36,246.856,Vegetables and Vegetable Products
299,"Cheese, ricotta, whole milk",0.0,206.0,0.0,0.018,2659.0,445.0,6420.0,333.0,0.0,0.0,0.004,0.0,0.13,20.0,0.011,0.0,0.137,0.461,154.0,219.0,7540.0,0.0,0.0,0.298,0.0059,110.0,0.013,0.12,0.00085,0.097,0.0,0.0002,0.11,0.0011,0.53,627.6,Dairy and Egg Products
300,"Chicken, broiler or fryers, breast, skinless, boneless, meat only, cooked, grilled",0.0,5.0,0.0,0.042,1212.0,764.0,992.0,10.0,0.0,0.0,0.0,0.0,0.45,34.0,0.012,0.0,12.133,1.71,258.0,391.0,30540.0,0.0,0.0,0.213,0.0283999999999999,52.0,0.107,0.01,0.00021,1.157,0.0,0.0,0.54,0.0,0.9,631.784,Poultry Products
301,"Spices, chili powder",0.0,330.0,0.0,1.0,3211.0,8006.0,2462.0,0.0,0.0,34800.0,0.028,0.0,17.3,149.0,1.7,0.0,11.6,0.888,300.0,1950.0,13460.0,0.0,0.0,0.94,0.0203999999999999,2867.0,0.25,1.483,0.0,2.094,0.7,0.0,38.14,0.1057,4.3,1179.888,Spices and Herbs
302,"Spices, cumin seed",0.0,931.0,0.0,0.867,14040.0,3279.0,1535.0,0.0,0.0,10500.0,0.01,0.0,66.36,366.0,3.333,0.0,4.579,0.0,499.0,1788.0,17810.0,0.0,0.0,0.327,0.0052,168.0,0.628,0.064,0.0,0.435,7.7,0.0,3.33,0.0054,4.8,1569.0,Spices and Herbs
303,"Spices, oregano, dried",0.0,1597.0,0.0,0.633,716.0,1369.0,1551.0,0.0,0.0,42500.0,0.237,0.0,36.8,270.0,4.99,0.0,4.64,0.921,148.0,1260.0,9000.0,0.0,0.0,0.528,0.0045,25.0,0.177,0.085,0.0,1.044,2.3,0.0,18.26,0.6217,2.69,1108.76,Spices and Herbs
304,"Tortillas, ready-to-bake or -fry, corn",0.0,81.0,0.0,0.154,692.0,1419.0,453.0,0.0,0.0,6300.0,0.005,0.0,1.23,72.0,0.326,0.0,1.498,0.109,314.0,186.0,5700.0,0.0,0.0,0.065,0.0060999999999999,45.0,0.094,0.0,0.0,0.219,0.0,0.0,0.28,0.0,1.31,912.112,Baked Products
305,"Cheese, cheddar (Includes foods for USDA's Food Distribution Program)",0.0,710.0,0.0,0.03,9391.0,942.0,18867.0,0.0,0.0,0.0,0.027,0.0,0.14,27.0,0.027,0.0,0.059,0.41,455.0,76.0,22870.0,0.0,0.0,0.428,0.0285,653.0,0.029,0.337,0.0011,0.066,0.0,0.0006,0.71,0.0024,3.64,1686.152,Dairy and Egg Products
306,"Onions, spring or scallions (includes tops and bulb), raw",0.0,72.0,0.0,0.083,27.0,74.0,32.0,0.0,0.0,2600.0,0.064,0.0,1.48,20.0,0.16,0.0,0.525,0.075,37.0,276.0,1830.0,0.0,0.0,0.08,0.0006,16.0,0.055,0.05,0.0,0.061,18.8,0.0,0.55,0.207,0.39,133.888,Vegetables and Vegetable Products
307,"Sour dressing, non-butterfat, cultured, filled cream-type",0.0,113.0,0.0,0.01,1958.0,468.0,13272.0,0.0,0.0,0.0,0.012,0.0,0.03,10.0,0.002,0.0,0.074,0.398,87.0,162.0,3250.0,0.0,0.0,0.163,0.0023,48.0,0.038,0.003,0.00033,0.017,0.9,0.0,1.34,0.0040999999999999,0.37,744.7520000000001,Dairy and Egg Products
308,"Watermelon, raw",0.0,7.0,0.0,0.042,37.0,50.0,16.0,0.0,0.0,400.0,0.003,0.0,0.24,10.0,0.038,0.0,0.178,0.221,11.0,112.0,610.0,0.0,0.0,0.021,0.0004,1.0,0.033,0.028,0.0,0.045,8.1,0.0,0.05,0.0001,0.1,125.52,Fruits and Fruit Juices
